[{"model": "contenttypes.contenttype", "pk": 1, "fields": {"app_label": "admin", "model": "logentry"}}, {"model": "contenttypes.contenttype", "pk": 2, "fields": {"app_label": "auth", "model": "permission"}}, {"model": "contenttypes.contenttype", "pk": 3, "fields": {"app_label": "auth", "model": "group"}}, {"model": "contenttypes.contenttype", "pk": 4, "fields": {"app_label": "contenttypes", "model": "contenttype"}}, {"model": "contenttypes.contenttype", "pk": 5, "fields": {"app_label": "sessions", "model": "session"}}, {"model": "contenttypes.contenttype", "pk": 6, "fields": {"app_label": "app", "model": "user"}}, {"model": "contenttypes.contenttype", "pk": 7, "fields": {"app_label": "app", "model": "datapoint"}}, {"model": "contenttypes.contenttype", "pk": 8, "fields": {"app_label": "app", "model": "parameter"}}, {"model": "contenttypes.contenttype", "pk": 9, "fields": {"app_label": "app", "model": "profile"}}, {"model": "contenttypes.contenttype", "pk": 10, "fields": {"app_label": "app", "model": "profileparamunitoption"}}, {"model": "contenttypes.contenttype", "pk": 11, "fields": {"app_label": "app", "model": "unitoption"}}, {"model": "contenttypes.contenttype", "pk": 12, "fields": {"app_label": "app", "model": "intervention"}}, {"model": "contenttypes.contenttype", "pk": 13, "fields": {"app_label": "app", "model": "profileparameter"}}, {"model": "contenttypes.contenttype", "pk": 14, "fields": {"app_label": "app", "model": "bookmark"}}, {"model": "contenttypes.contenttype", "pk": 15, "fields": {"app_label": "app", "model": "profileparameterlink"}}, {"model": "contenttypes.contenttype", "pk": 16, "fields": {"app_label": "app", "model": "profileshare"}}, {"model": "sessions.session", "pk": "25i7jd22bemjuo67cm28aftiqxhka44w", "fields": {"session_data": "NTljNjRjN2RjMDdmMTcwZDFkNDE0YmMzNWJiOWNjYWUzNThmYmRhZjp7Il9hdXRoX3VzZXJfaWQiOiIxIiwiX2F1dGhfdXNlcl9iYWNrZW5kIjoiZGphbmdvLmNvbnRyaWIuYXV0aC5iYWNrZW5kcy5Nb2RlbEJhY2tlbmQiLCJfYXV0aF91c2VyX2hhc2giOiJiOWZiYmExZjUwNWNhNjQwMTk0NzRjZGQxZjE0NWJhNDk1Y2VjNGM4In0=", "expire_date": "2019-10-01T19:35:25.476Z"}}, {"model": "sessions.session", "pk": "3nda05uqm6otu56hbfyjlh4izk2j4chr", "fields": {"session_data": "NTljNjRjN2RjMDdmMTcwZDFkNDE0YmMzNWJiOWNjYWUzNThmYmRhZjp7Il9hdXRoX3VzZXJfaWQiOiIxIiwiX2F1dGhfdXNlcl9iYWNrZW5kIjoiZGphbmdvLmNvbnRyaWIuYXV0aC5iYWNrZW5kcy5Nb2RlbEJhY2tlbmQiLCJfYXV0aF91c2VyX2hhc2giOiJiOWZiYmExZjUwNWNhNjQwMTk0NzRjZGQxZjE0NWJhNDk1Y2VjNGM4In0=", "expire_date": "2019-10-31T19:11:40.822Z"}}, {"model": "sessions.session", "pk": "69jntmrzerw8jihemu0te9q7b01bb9pc", "fields": {"session_data": "NTljNjRjN2RjMDdmMTcwZDFkNDE0YmMzNWJiOWNjYWUzNThmYmRhZjp7Il9hdXRoX3VzZXJfaWQiOiIxIiwiX2F1dGhfdXNlcl9iYWNrZW5kIjoiZGphbmdvLmNvbnRyaWIuYXV0aC5iYWNrZW5kcy5Nb2RlbEJhY2tlbmQiLCJfYXV0aF91c2VyX2hhc2giOiJiOWZiYmExZjUwNWNhNjQwMTk0NzRjZGQxZjE0NWJhNDk1Y2VjNGM4In0=", "expire_date": "2019-09-01T19:53:57.860Z"}}, {"model": "sessions.session", "pk": "7njudzww7cr6wpld5s2sk6dhbl3q50ef", "fields": {"session_data": "YTIwYzE1MDJkYjFkYjJiZWNjZWJiY2MwODRjMzQyOWFlMmI4ZDFkOTp7Il9hdXRoX3VzZXJfaWQiOiIzNyIsIl9hdXRoX3VzZXJfYmFja2VuZCI6ImRqYW5nby5jb250cmliLmF1dGguYmFja2VuZHMuTW9kZWxCYWNrZW5kIiwiX2F1dGhfdXNlcl9oYXNoIjoiOTM2ZWIxMzA2ZjY4NmViODczOWU5NmNmYWQwODQxYmIxNGUxNTVlYiJ9", "expire_date": "2019-11-16T13:15:25.277Z"}}, {"model": "sessions.session", "pk": "dzadla06n4zwn6yj0b3xg2f7374u7869", "fields": {"session_data": "NTljNjRjN2RjMDdmMTcwZDFkNDE0YmMzNWJiOWNjYWUzNThmYmRhZjp7Il9hdXRoX3VzZXJfaWQiOiIxIiwiX2F1dGhfdXNlcl9iYWNrZW5kIjoiZGphbmdvLmNvbnRyaWIuYXV0aC5iYWNrZW5kcy5Nb2RlbEJhY2tlbmQiLCJfYXV0aF91c2VyX2hhc2giOiJiOWZiYmExZjUwNWNhNjQwMTk0NzRjZGQxZjE0NWJhNDk1Y2VjNGM4In0=", "expire_date": "2019-10-15T22:38:23.982Z"}}, {"model": "sessions.session", "pk": "e68vtfx27vkpum5jxhf8jtz8c07vw9dt", "fields": {"session_data": "NTljNjRjN2RjMDdmMTcwZDFkNDE0YmMzNWJiOWNjYWUzNThmYmRhZjp7Il9hdXRoX3VzZXJfaWQiOiIxIiwiX2F1dGhfdXNlcl9iYWNrZW5kIjoiZGphbmdvLmNvbnRyaWIuYXV0aC5iYWNrZW5kcy5Nb2RlbEJhY2tlbmQiLCJfYXV0aF91c2VyX2hhc2giOiJiOWZiYmExZjUwNWNhNjQwMTk0NzRjZGQxZjE0NWJhNDk1Y2VjNGM4In0=", "expire_date": "2019-11-14T23:05:33.034Z"}}, {"model": "sessions.session", "pk": "g9ikxnip7k4ntd7eap92zb8ou5y1hpxb", "fields": {"session_data": "NTljNjRjN2RjMDdmMTcwZDFkNDE0YmMzNWJiOWNjYWUzNThmYmRhZjp7Il9hdXRoX3VzZXJfaWQiOiIxIiwiX2F1dGhfdXNlcl9iYWNrZW5kIjoiZGphbmdvLmNvbnRyaWIuYXV0aC5iYWNrZW5kcy5Nb2RlbEJhY2tlbmQiLCJfYXV0aF91c2VyX2hhc2giOiJiOWZiYmExZjUwNWNhNjQwMTk0NzRjZGQxZjE0NWJhNDk1Y2VjNGM4In0=", "expire_date": "2019-11-17T00:24:34.867Z"}}, {"model": "sessions.session", "pk": "gvsibvwli5y2m61z0dhspmjgm0ajazy0", "fields": {"session_data": "NTljNjRjN2RjMDdmMTcwZDFkNDE0YmMzNWJiOWNjYWUzNThmYmRhZjp7Il9hdXRoX3VzZXJfaWQiOiIxIiwiX2F1dGhfdXNlcl9iYWNrZW5kIjoiZGphbmdvLmNvbnRyaWIuYXV0aC5iYWNrZW5kcy5Nb2RlbEJhY2tlbmQiLCJfYXV0aF91c2VyX2hhc2giOiJiOWZiYmExZjUwNWNhNjQwMTk0NzRjZGQxZjE0NWJhNDk1Y2VjNGM4In0=", "expire_date": "2019-12-03T23:26:42.357Z"}}, {"model": "sessions.session", "pk": "jamwicp8siom3ht349nzglbrprxj4apa", "fields": {"session_data": "NTljNjRjN2RjMDdmMTcwZDFkNDE0YmMzNWJiOWNjYWUzNThmYmRhZjp7Il9hdXRoX3VzZXJfaWQiOiIxIiwiX2F1dGhfdXNlcl9iYWNrZW5kIjoiZGphbmdvLmNvbnRyaWIuYXV0aC5iYWNrZW5kcy5Nb2RlbEJhY2tlbmQiLCJfYXV0aF91c2VyX2hhc2giOiJiOWZiYmExZjUwNWNhNjQwMTk0NzRjZGQxZjE0NWJhNDk1Y2VjNGM4In0=", "expire_date": "2019-12-22T12:56:13.340Z"}}, {"model": "sessions.session", "pk": "lgvonx50hguryocjyzqq48x9h9wohmqc", "fields": {"session_data": "NTljNjRjN2RjMDdmMTcwZDFkNDE0YmMzNWJiOWNjYWUzNThmYmRhZjp7Il9hdXRoX3VzZXJfaWQiOiIxIiwiX2F1dGhfdXNlcl9iYWNrZW5kIjoiZGphbmdvLmNvbnRyaWIuYXV0aC5iYWNrZW5kcy5Nb2RlbEJhY2tlbmQiLCJfYXV0aF91c2VyX2hhc2giOiJiOWZiYmExZjUwNWNhNjQwMTk0NzRjZGQxZjE0NWJhNDk1Y2VjNGM4In0=", "expire_date": "2019-09-17T17:42:12.796Z"}}, {"model": "sessions.session", "pk": "nq08iqay82juxjtj8jbaqp1vceptzbqd", "fields": {"session_data": "NTljNjRjN2RjMDdmMTcwZDFkNDE0YmMzNWJiOWNjYWUzNThmYmRhZjp7Il9hdXRoX3VzZXJfaWQiOiIxIiwiX2F1dGhfdXNlcl9iYWNrZW5kIjoiZGphbmdvLmNvbnRyaWIuYXV0aC5iYWNrZW5kcy5Nb2RlbEJhY2tlbmQiLCJfYXV0aF91c2VyX2hhc2giOiJiOWZiYmExZjUwNWNhNjQwMTk0NzRjZGQxZjE0NWJhNDk1Y2VjNGM4In0=", "expire_date": "2019-12-18T00:19:03.740Z"}}, {"model": "sessions.session", "pk": "ymnqnjl6zm02llrki6kxhyf4iwvnwe0n", "fields": {"session_data": "NTljNjRjN2RjMDdmMTcwZDFkNDE0YmMzNWJiOWNjYWUzNThmYmRhZjp7Il9hdXRoX3VzZXJfaWQiOiIxIiwiX2F1dGhfdXNlcl9iYWNrZW5kIjoiZGphbmdvLmNvbnRyaWIuYXV0aC5iYWNrZW5kcy5Nb2RlbEJhY2tlbmQiLCJfYXV0aF91c2VyX2hhc2giOiJiOWZiYmExZjUwNWNhNjQwMTk0NzRjZGQxZjE0NWJhNDk1Y2VjNGM4In0=", "expire_date": "2019-08-18T14:01:16.337Z"}}, {"model": "app.bookmark", "pk": 7, "fields": {"url": "http://www.newurl.com", "title": "Niolot kollink punber 3", "parameter": 3, "profile": 35}}, {"model": "app.bookmark", "pk": 8, "fields": {"url": "https://www.youtube.com/watch?v=aC2sCOiCgf4&list=RDig2LP-yeYMQ&index=2", "title": "Xsst bookmark number 1", "parameter": 20, "profile": 35}}, {"model": "app.bookmark", "pk": 13, "fields": {"url": "https://www.abcdtest.com/foobarsfsdsdff", "title": "Qwoiwo boasark number 2", "parameter": 20, "profile": 35}}, {"model": "app.bookmark", "pk": 14, "fields": {"url": "http://www.google.com", "title": "Testsdff sdfsffsd ", "parameter": 2, "profile": 35}}, {"model": "app.bookmark", "pk": 15, "fields": {"url": "https://bluebrainboost.store/p/tianeptine/", "title": "Adasdfs", "parameter": 2, "profile": 35}}, {"model": "app.bookmark", "pk": 16, "fields": {"url": "https://bluebrainboost.store/p/tianeptine/", "title": "Beyest Rtesatte", "parameter": 20, "profile": 35}}, {"model": "app.bookmark", "pk": 18, "fields": {"url": "https://www.ncbi.nlm.nih.gov/pmc/articles/PMC5408160/", "title": "Circulation. 2017 Mar 7;135(10)", "parameter": 2, "profile": 7}}, {"model": "app.bookmark", "pk": 19, "fields": {"url": "https://www.ncbi.nlm.nih.gov/pmc/articles/pmid/26598376/", "title": "Resting heart rate and CV mortality: an analysis", "parameter": 2, "profile": 7}}, {"model": "app.bookmark", "pk": 20, "fields": {"url": "https://www.ncbi.nlm.nih.gov/pmc/articles/PMC5408160", "title": "Circulation. 2017 Mar 7;135(10)", "parameter": 3, "profile": 7}}, {"model": "app.bookmark", "pk": 21, "fields": {"url": "https://www.ncbi.nlm.nih.gov/pubmed/31325423", "title": "Glycyrrhetinic acid and hypertension", "parameter": 3, "profile": 7}}, {"model": "app.bookmark", "pk": 22, "fields": {"url": "https://www.ncbi.nlm.nih.gov/pubmed/28802803", "title": "Metformin, blood glucose and all-cause mortality", "parameter": 8, "profile": 7}}, {"model": "app.bookmark", "pk": 23, "fields": {"url": "https://en.wikipedia.org/wiki/Metformin", "title": "Wikipedia - Metformin", "parameter": 8, "profile": 7}}, {"model": "app.bookmark", "pk": 24, "fields": {"url": "https://www.joslin.org/info/conversion_table_for_blood_glucose_monitoring.html", "title": "Blood sugar conversion chart", "parameter": 8, "profile": 7}}, {"model": "app.bookmark", "pk": 25, "fields": {"url": "https://www.ncbi.nlm.nih.gov/pubmed/28110936", "title": "Exercise and blood glucose levels in adults", "parameter": 8, "profile": 7}}, {"model": "app.bookmark", "pk": 26, "fields": {"url": "https://www.nature.com/articles/s41591-019-0565-5", "title": "Adipose lipid turnover and long term body weight", "parameter": 20, "profile": 7}}, {"model": "app.bookmark", "pk": 27, "fields": {"url": "https://www.ncbi.nlm.nih.gov/pubmed/27030535", "title": "Ideal body weights for a given BMI", "parameter": 20, "profile": 7}}, {"model": "app.bookmark", "pk": 28, "fields": {"url": "https://www.researchgate.net/publication/11181156_Longevity_mortality_and_body_weight", "title": "Longevity, mortality and body weight", "parameter": 20, "profile": 7}}, {"model": "app.bookmark", "pk": 29, "fields": {"url": "https://www.evidencio.com/models/show/430", "title": "Ideal body weight (Devine formula)", "parameter": 20, "profile": 7}}, {"model": "app.bookmark", "pk": 31, "fields": {"url": "https://ahajournals.org/doi/10.1161/01.cir.0000437738.63853.7a", "title": "AHA Guidelines ", "parameter": 7, "profile": 7}}, {"model": "app.bookmark", "pk": 32, "fields": {"url": "https://www.ncbi.nlm.nih.gov/pubmed/28342064", "title": "Clinical relevance of HDL cholesterol", "parameter": 7, "profile": 7}}, {"model": "app.bookmark", "pk": 33, "fields": {"url": "https://www.jstage.jst.go.jp/article/circj/82/5/82_CJ-18-0358/_article", "title": "HDL and LDL cholesterol in heart disease", "parameter": 7, "profile": 7}}, {"model": "app.bookmark", "pk": 34, "fields": {"url": "https://www.ncbi.nlm.nih.gov/pmc/articles/PMC5453685/", "title": "Importance of LDL: HDL cholesterol ratio", "parameter": 7, "profile": 7}}, {"model": "app.bookmark", "pk": 35, "fields": {"url": "https://www.ncbi.nlm.nih.gov/pmc/articles/PMC4998762/", "title": "Healthy blood pressure for different age groups", "parameter": 3, "profile": 7}}, {"model": "app.bookmark", "pk": 36, "fields": {"url": "https://www.ncbi.nlm.nih.gov/pubmed/31314968", "title": "Blood pressure and CVD outcomes", "parameter": 3, "profile": 7}}, {"model": "app.bookmark", "pk": 37, "fields": {"url": "https://www.funcmols.com/compounds/lit-refs/mechanism/25", "title": "Adrenaline receptor antagonists", "parameter": 3, "profile": 7}}, {"model": "app.bookmark", "pk": 38, "fields": {"url": "https://www.ncbi.nlm.nih.gov/pubmed/26598376", "title": "Resting heart rate and all-cause mortality", "parameter": 2, "profile": 7}}, {"model": "app.bookmark", "pk": 39, "fields": {"url": "https://www.ncbi.nlm.nih.gov/pmc/articles/PMC5408160/", "title": "Testsdff sdfsffsd ", "parameter": 7, "profile": 35}}, {"model": "app.bookmark", "pk": 40, "fields": {"url": "https://www.ncbi.nlm.nih.gov/pmc/articles/PMC3832384/", "title": "Blood pressure recommendations for elderly ", "parameter": 3, "profile": 166}}, {"model": "app.parameter", "pk": 2, "fields": {"name": "Resting heart rate", "upload_fields": "date, value", "upload_field_labels": "dates, heart rate measurements", "num_values": 1, "value2_short_label_1": null, "value2_short_label_2": null, "ideal_info": "Based on \"CMAJ. 2016 Feb 16;188(3): Resting heart rate and all-cause and cardiovascular mortality in the general population: a meta-analysis\"", "ideal_info_url": "https://www.ncbi.nlm.nih.gov/pmc/articles/pmid/26598376/", "is_builtin": true, "profile": 1, "custom_symbol": ""}}, {"model": "app.parameter", "pk": 3, "fields": {"name": "Blood pressure", "upload_fields": "date, value, value2", "upload_field_labels": "dates, systolic, diastolic", "num_values": 2, "value2_short_label_1": "sys", "value2_short_label_2": "dia", "ideal_info": "Based on \"Circulation. 2017 Mar 7;135(10). Heart Disease and Stroke Statistics-2017 Update: A Report From the American Heart Association\"", "ideal_info_url": "https://www.ncbi.nlm.nih.gov/pmc/articles/PMC5408160/", "is_builtin": true, "profile": 1, "custom_symbol": ""}}, {"model": "app.parameter", "pk": 7, "fields": {"name": "Blood cholesterol", "upload_fields": "date, value, value2", "upload_field_labels": "dates, HDL, LDL", "num_values": 2, "value2_short_label_1": "LDL", "value2_short_label_2": "HDL", "ideal_info": "Based on \"Vasc Health Risk Manag. 2009; 5: 757\u2013765. Lipoprotein ratios: Physiological significance and clinical usefulness in cardiovascular prevention\"", "ideal_info_url": "https://www.ncbi.nlm.nih.gov/pmc/articles/PMC2747394/", "is_builtin": true, "profile": 1, "custom_symbol": ""}}, {"model": "app.parameter", "pk": 8, "fields": {"name": "Fasting blood glucose", "upload_fields": "date, value", "upload_field_labels": "dates, blood glucose levels", "num_values": 1, "value2_short_label_1": null, "value2_short_label_2": null, "ideal_info": "Based on \"Diabetes Care 2018;42(Suppl. 1):S1\u2013S194 : Standards of Medical Care in Diabetes\u20142019 Abridged for Primary Care Providers\"", "ideal_info_url": "clinical.diabetesjournals.org/content/diaclin/early/2018/12/16/cd18-0105.full.pdf", "is_builtin": true, "profile": 1, "custom_symbol": ""}}, {"model": "app.parameter", "pk": 20, "fields": {"name": "Body weight", "upload_fields": "date, value", "upload_field_labels": "date, weight measurements", "num_values": 1, "value2_short_label_1": null, "value2_short_label_2": null, "ideal_info": "Based on \"Am J Clin Nutr. 2016 May; 103(5): 1197\u20131203. Universal equation for estimating ideal body weight at any BMI\"", "ideal_info_url": "https://www.ncbi.nlm.nih.gov/pmc/articles/PMC4841935", "is_builtin": true, "profile": 1, "custom_symbol": ""}}, {"model": "app.unitoption", "pk": 2, "fields": {"name": "Beats per minute", "symbol": "bpm", "conversion_factor": 1.0, "param_default": true, "parameter": 2, "is_builtin": true}}, {"model": "app.unitoption", "pk": 3, "fields": {"name": "Millimetre of mercury", "symbol": "mmHg", "conversion_factor": 1.0, "param_default": true, "parameter": 3, "is_builtin": true}}, {"model": "app.unitoption", "pk": 5, "fields": {"name": "Milligrams per decilitre", "symbol": "mg/dL", "conversion_factor": 38.67, "param_default": false, "parameter": 7, "is_builtin": true}}, {"model": "app.unitoption", "pk": 6, "fields": {"name": "mmol per litre", "symbol": "mmol/L", "conversion_factor": 1.0, "param_default": true, "parameter": 7, "is_builtin": true}}, {"model": "app.unitoption", "pk": 7, "fields": {"name": "mmol per litre", "symbol": "mmol/L", "conversion_factor": 1.0, "param_default": true, "parameter": 8, "is_builtin": true}}, {"model": "app.unitoption", "pk": 8, "fields": {"name": "Milligrams per decilitre", "symbol": "mg/dL", "conversion_factor": 17.86, "param_default": false, "parameter": 8, "is_builtin": true}}, {"model": "app.unitoption", "pk": 18, "fields": {"name": "Kilogram", "symbol": "kg", "conversion_factor": 1.0, "param_default": true, "parameter": 20, "is_builtin": true}}, {"model": "app.unitoption", "pk": 19, "fields": {"name": "Pounds", "symbol": "lb", "conversion_factor": 2.26, "param_default": false, "parameter": 20, "is_builtin": true}}, {"model": "app.profileparamunitoption", "pk": 28, "fields": {"parameter": 3, "unit_option": 3, "profile": 1, "linked_parameter": null, "target_value": null, "target_value2": null, "color_hex": "", "color_range_val_1": 10, "color_range_val_2": 10}}, {"model": "app.profileparamunitoption", "pk": 30, "fields": {"parameter": 7, "unit_option": 5, "profile": 1, "linked_parameter": null, "target_value": 9.0, "target_value2": 13.0, "color_hex": "", "color_range_val_1": 10, "color_range_val_2": 10}}, {"model": "app.profileparamunitoption", "pk": 31, "fields": {"parameter": 2, "unit_option": 2, "profile": 1, "linked_parameter": null, "target_value": 45.6, "target_value2": null, "color_hex": "", "color_range_val_1": 10, "color_range_val_2": 10}}, {"model": "app.profileparamunitoption", "pk": 143, "fields": {"parameter": 2, "unit_option": 2, "profile": 35, "linked_parameter": null, "target_value": 64.0, "target_value2": null, "color_hex": "", "color_range_val_1": 10, "color_range_val_2": 10}}, {"model": "app.profileparamunitoption", "pk": 146, "fields": {"parameter": 7, "unit_option": 6, "profile": 35, "linked_parameter": 3, "target_value": 29.0, "target_value2": 41.0, "color_hex": "", "color_range_val_1": 10, "color_range_val_2": 10}}, {"model": "app.profileparamunitoption", "pk": 155, "fields": {"parameter": 3, "unit_option": 3, "profile": 78, "linked_parameter": null, "target_value": 51.0, "target_value2": 50.0, "color_hex": "", "color_range_val_1": 6, "color_range_val_2": 13}}, {"model": "app.profileparamunitoption", "pk": 168, "fields": {"parameter": 7, "unit_option": 6, "profile": 78, "linked_parameter": null, "target_value": null, "target_value2": null, "color_hex": "", "color_range_val_1": 13, "color_range_val_2": 20}}, {"model": "app.profileparamunitoption", "pk": 169, "fields": {"parameter": 2, "unit_option": 2, "profile": 78, "linked_parameter": null, "target_value": null, "target_value2": null, "color_hex": "", "color_range_val_1": 10, "color_range_val_2": 20}}, {"model": "app.profileparamunitoption", "pk": 180, "fields": {"parameter": 8, "unit_option": 7, "profile": 78, "linked_parameter": null, "target_value": 50.0, "target_value2": null, "color_hex": "", "color_range_val_1": 10, "color_range_val_2": 20}}, {"model": "app.profileparamunitoption", "pk": 225, "fields": {"parameter": 20, "unit_option": 17, "profile": 1, "linked_parameter": null, "target_value": null, "target_value2": null, "color_hex": "", "color_range_val_1": 10, "color_range_val_2": 20}}, {"model": "app.profileparamunitoption", "pk": 226, "fields": {"parameter": 20, "unit_option": 18, "profile": 35, "linked_parameter": null, "target_value": 68.0, "target_value2": null, "color_hex": "", "color_range_val_1": 10, "color_range_val_2": 20}}, {"model": "app.profileparamunitoption", "pk": 227, "fields": {"parameter": 3, "unit_option": 3, "profile": 35, "linked_parameter": 20, "target_value": null, "target_value2": null, "color_hex": "", "color_range_val_1": 10, "color_range_val_2": 20}}, {"model": "app.profileparamunitoption", "pk": 228, "fields": {"parameter": 8, "unit_option": 7, "profile": 35, "linked_parameter": null, "target_value": 74.0, "target_value2": null, "color_hex": "", "color_range_val_1": 10, "color_range_val_2": 20}}, {"model": "app.profileparamunitoption", "pk": 242, "fields": {"parameter": 3, "unit_option": 3, "profile": 7, "linked_parameter": null, "target_value": 118.0, "target_value2": 84.0, "color_hex": "", "color_range_val_1": 8, "color_range_val_2": 18}}, {"model": "app.profileparamunitoption", "pk": 243, "fields": {"parameter": 2, "unit_option": 2, "profile": 7, "linked_parameter": 3, "target_value": 60.0, "target_value2": null, "color_hex": "", "color_range_val_1": 14, "color_range_val_2": 28}}, {"model": "app.profileparamunitoption", "pk": 244, "fields": {"parameter": 7, "unit_option": 7, "profile": 7, "linked_parameter": 8, "target_value": 1.5, "target_value2": 3.8, "color_hex": "", "color_range_val_1": 8, "color_range_val_2": 18}}, {"model": "app.profileparamunitoption", "pk": 245, "fields": {"parameter": 8, "unit_option": 7, "profile": 7, "linked_parameter": 7, "target_value": 3.8, "target_value2": null, "color_hex": "", "color_range_val_1": 10, "color_range_val_2": 20}}, {"model": "app.profileparamunitoption", "pk": 246, "fields": {"parameter": 20, "unit_option": 18, "profile": 7, "linked_parameter": 3, "target_value": null, "target_value2": null, "color_hex": "", "color_range_val_1": 10, "color_range_val_2": 20}}, {"model": "app.profileparamunitoption", "pk": 284, "fields": {"parameter": 26, "unit_option": 25, "profile": 1, "linked_parameter": null, "target_value": null, "target_value2": null, "color_hex": "", "color_range_val_1": 10, "color_range_val_2": 20}}, {"model": "app.profileparamunitoption", "pk": 388, "fields": {"parameter": 7, "unit_option": 7, "profile": 146, "linked_parameter": null, "target_value": null, "target_value2": null, "color_hex": "", "color_range_val_1": 10, "color_range_val_2": 20}}, {"model": "app.profileparamunitoption", "pk": 389, "fields": {"parameter": 20, "unit_option": 18, "profile": 146, "linked_parameter": null, "target_value": null, "target_value2": null, "color_hex": "", "color_range_val_1": 10, "color_range_val_2": 20}}, {"model": "app.profileparamunitoption", "pk": 390, "fields": {"parameter": 20, "unit_option": 18, "profile": 78, "linked_parameter": null, "target_value": null, "target_value2": null, "color_hex": "", "color_range_val_1": 10, "color_range_val_2": 20}}, {"model": "app.profileparamunitoption", "pk": 476, "fields": {"parameter": 2, "unit_option": 2, "profile": 166, "linked_parameter": null, "target_value": null, "target_value2": null, "color_hex": "", "color_range_val_1": 10, "color_range_val_2": 20}}, {"model": "app.profileparamunitoption", "pk": 477, "fields": {"parameter": 3, "unit_option": 3, "profile": 166, "linked_parameter": null, "target_value": 125.0, "target_value2": 82.0, "color_hex": "", "color_range_val_1": 10, "color_range_val_2": 20}}, {"model": "app.profileparamunitoption", "pk": 478, "fields": {"parameter": 20, "unit_option": 18, "profile": 166, "linked_parameter": null, "target_value": null, "target_value2": null, "color_hex": "", "color_range_val_1": 10, "color_range_val_2": 20}}, {"model": "app.profileparamunitoption", "pk": 483, "fields": {"parameter": 7, "unit_option": 8, "profile": 166, "linked_parameter": null, "target_value": null, "target_value2": null, "color_hex": "", "color_range_val_1": 10, "color_range_val_2": 20}}, {"model": "app.profileparamunitoption", "pk": 484, "fields": {"parameter": 3, "unit_option": 3, "profile": 167, "linked_parameter": null, "target_value": 124.0, "target_value2": 65.0, "color_hex": "", "color_range_val_1": 10, "color_range_val_2": 20}}, {"model": "app.profileparamunitoption", "pk": 485, "fields": {"parameter": 20, "unit_option": 18, "profile": 167, "linked_parameter": null, "target_value": 70.0, "target_value2": null, "color_hex": "", "color_range_val_1": 10, "color_range_val_2": 20}}, {"model": "app.profileparamunitoption", "pk": 569, "fields": {"parameter": 2, "unit_option": 2, "profile": 167, "linked_parameter": null, "target_value": null, "target_value2": null, "color_hex": "", "color_range_val_1": 10, "color_range_val_2": 20}}, {"model": "app.profileparamunitoption", "pk": 620, "fields": {"parameter": 32, "unit_option": 31, "profile": 78, "linked_parameter": null, "target_value": null, "target_value2": null, "color_hex": "", "color_range_val_1": 10, "color_range_val_2": 20}}, {"model": "app.profileparamunitoption", "pk": 621, "fields": {"parameter": 33, "unit_option": 32, "profile": 35, "linked_parameter": null, "target_value": null, "target_value2": null, "color_hex": "", "color_range_val_1": 10, "color_range_val_2": 20}}, {"model": "app.datapoint", "pk": 210, "fields": {"value": 11.0, "value2": 13.0, "date": "2019-11-11", "qualifier": null, "parameter": 7, "profile": 1}}, {"model": "app.datapoint", "pk": 220, "fields": {"value": 2.0, "value2": 3.5, "date": "2014-02-02", "qualifier": null, "parameter": 7, "profile": 1}}, {"model": "app.datapoint", "pk": 536, "fields": {"value": 69.0, "value2": null, "date": "2015-10-09", "qualifier": "Measured at 4pm", "parameter": 2, "profile": 35}}, {"model": "app.datapoint", "pk": 558, "fields": {"value": 48.0, "value2": 52.0, "date": "2015-10-09", "qualifier": null, "parameter": 3, "profile": 78}}, {"model": "app.datapoint", "pk": 559, "fields": {"value": 52.0, "value2": 45.0, "date": "2015-10-11", "qualifier": null, "parameter": 3, "profile": 78}}, {"model": "app.datapoint", "pk": 560, "fields": {"value": 53.0, "value2": 43.0, "date": "2015-12-12", "qualifier": null, "parameter": 3, "profile": 78}}, {"model": "app.datapoint", "pk": 582, "fields": {"value": 1.5, "value2": 5.0, "date": "2016-10-11", "qualifier": null, "parameter": 7, "profile": 78}}, {"model": "app.datapoint", "pk": 584, "fields": {"value": 1.7, "value2": 5.0, "date": "2018-10-10", "qualifier": "", "parameter": 7, "profile": 78}}, {"model": "app.datapoint", "pk": 588, "fields": {"value": 66.0, "value2": null, "date": "2018-10-10", "qualifier": null, "parameter": 2, "profile": 78}}, {"model": "app.datapoint", "pk": 589, "fields": {"value": 59.0, "value2": null, "date": "2019-09-09", "qualifier": null, "parameter": 2, "profile": 78}}, {"model": "app.datapoint", "pk": 590, "fields": {"value": 1.5, "value2": 4.1, "date": "2018-10-11", "qualifier": null, "parameter": 7, "profile": 78}}, {"model": "app.datapoint", "pk": 591, "fields": {"value": 52.0, "value2": 56.0, "date": "2018-10-10", "qualifier": null, "parameter": 3, "profile": 78}}, {"model": "app.datapoint", "pk": 592, "fields": {"value": 23.0, "value2": 23.0, "date": "2010-10-10", "qualifier": null, "parameter": 3, "profile": 78}}, {"model": "app.datapoint", "pk": 608, "fields": {"value": 52.0, "value2": null, "date": "2015-10-11", "qualifier": null, "parameter": 8, "profile": 78}}, {"model": "app.datapoint", "pk": 732, "fields": {"value": 71.0, "value2": null, "date": "2011-10-21", "qualifier": "dsssd", "parameter": 2, "profile": 35}}, {"model": "app.datapoint", "pk": 734, "fields": {"value": 73.0, "value2": null, "date": "2011-12-12", "qualifier": null, "parameter": 2, "profile": 35}}, {"model": "app.datapoint", "pk": 736, "fields": {"value": 64.0, "value2": null, "date": "2011-07-22", "qualifier": null, "parameter": 2, "profile": 35}}, {"model": "app.datapoint", "pk": 737, "fields": {"value": 68.0, "value2": null, "date": "2013-12-15", "qualifier": "Measured at 4pm", "parameter": 2, "profile": 35}}, {"model": "app.datapoint", "pk": 744, "fields": {"value": 68.0, "value2": null, "date": "2015-10-11", "qualifier": null, "parameter": 2, "profile": 35}}, {"model": "app.datapoint", "pk": 746, "fields": {"value": 52.0, "value2": 50.0, "date": "2018-10-10", "qualifier": "Late evening, fully rested", "parameter": 3, "profile": 35}}, {"model": "app.datapoint", "pk": 747, "fields": {"value": 29.0, "value2": 42.0, "date": "2018-10-10", "qualifier": null, "parameter": 7, "profile": 35}}, {"model": "app.datapoint", "pk": 748, "fields": {"value": 28.0, "value2": 37.0, "date": "2017-10-10", "qualifier": "Recently started jogging routine", "parameter": 7, "profile": 35}}, {"model": "app.datapoint", "pk": 749, "fields": {"value": 25.0, "value2": 35.0, "date": "2018-05-10", "qualifier": "Started mostly plant-based diet", "parameter": 7, "profile": 35}}, {"model": "app.datapoint", "pk": 752, "fields": {"value": 28.0, "value2": 42.0, "date": "2019-09-09", "qualifier": null, "parameter": 7, "profile": 35}}, {"model": "app.datapoint", "pk": 753, "fields": {"value": 40.0, "value2": 50.0, "date": "2015-10-11", "qualifier": null, "parameter": 7, "profile": 35}}, {"model": "app.datapoint", "pk": 754, "fields": {"value": 29.0, "value2": 35.0, "date": "2016-04-11", "qualifier": null, "parameter": 7, "profile": 35}}, {"model": "app.datapoint", "pk": 755, "fields": {"value": 65.0, "value2": null, "date": "2014-11-15", "qualifier": "Measured at noon", "parameter": 2, "profile": 35}}, {"model": "app.datapoint", "pk": 756, "fields": {"value": 44.0, "value2": 58.0, "date": "2016-11-18", "qualifier": null, "parameter": 3, "profile": 35}}, {"model": "app.datapoint", "pk": 757, "fields": {"value": 55.0, "value2": 60.0, "date": "2015-10-14", "qualifier": null, "parameter": 3, "profile": 35}}, {"model": "app.datapoint", "pk": 758, "fields": {"value": 65.0, "value2": null, "date": "2015-05-11", "qualifier": null, "parameter": 2, "profile": 35}}, {"model": "app.datapoint", "pk": 759, "fields": {"value": 66.0, "value2": null, "date": "2015-02-11", "qualifier": "Late evening, fully rested", "parameter": 2, "profile": 35}}, {"model": "app.datapoint", "pk": 760, "fields": {"value": 70.0, "value2": null, "date": "2015-01-19", "qualifier": "Measured at 10am", "parameter": 2, "profile": 35}}, {"model": "app.datapoint", "pk": 761, "fields": {"value": 30.0, "value2": 36.0, "date": "2019-04-09", "qualifier": "Recent switch to semi-veg diet", "parameter": 7, "profile": 35}}, {"model": "app.datapoint", "pk": 762, "fields": {"value": 28.0, "value2": 40.0, "date": "2019-01-24", "qualifier": "2 weeks into veg diet", "parameter": 7, "profile": 35}}, {"model": "app.datapoint", "pk": 763, "fields": {"value": 27.0, "value2": 42.0, "date": "2019-07-09", "qualifier": "Ceased jogging routine", "parameter": 7, "profile": 35}}, {"model": "app.datapoint", "pk": 764, "fields": {"value": 27.0, "value2": 41.0, "date": "2018-09-19", "qualifier": "Ceased jogging routine", "parameter": 7, "profile": 35}}, {"model": "app.datapoint", "pk": 765, "fields": {"value": 80.0, "value2": null, "date": "2019-09-15", "qualifier": "4 months into semi-veg diet", "parameter": 20, "profile": 35}}, {"model": "app.datapoint", "pk": 766, "fields": {"value": 85.0, "value2": null, "date": "2019-07-15", "qualifier": null, "parameter": 20, "profile": 35}}, {"model": "app.datapoint", "pk": 767, "fields": {"value": 90.0, "value2": null, "date": "2019-06-01", "qualifier": "Recently started jogging routine", "parameter": 20, "profile": 35}}, {"model": "app.datapoint", "pk": 768, "fields": {"value": 90.0, "value2": null, "date": "2019-02-09", "qualifier": "Recently started weight training", "parameter": 20, "profile": 35}}, {"model": "app.datapoint", "pk": 769, "fields": {"value": 80.0, "value2": null, "date": "2019-01-07", "qualifier": null, "parameter": 20, "profile": 35}}, {"model": "app.datapoint", "pk": 770, "fields": {"value": 52.0, "value2": 46.0, "date": "2018-11-10", "qualifier": "Late evening, fully rested", "parameter": 3, "profile": 35}}, {"model": "app.datapoint", "pk": 771, "fields": {"value": 45.0, "value2": 60.0, "date": "2017-11-10", "qualifier": "Unlikely that was fully rested", "parameter": 3, "profile": 35}}, {"model": "app.datapoint", "pk": 772, "fields": {"value": 44.0, "value2": 61.0, "date": "2018-09-09", "qualifier": "Measured at 6pm", "parameter": 3, "profile": 35}}, {"model": "app.datapoint", "pk": 773, "fields": {"value": 100.0, "value2": null, "date": "2019-04-03", "qualifier": "2 weeks after cruise holiday", "parameter": 20, "profile": 35}}, {"model": "app.datapoint", "pk": 774, "fields": {"value": 50.0, "value2": 59.0, "date": "2018-12-18", "qualifier": null, "parameter": 3, "profile": 35}}, {"model": "app.datapoint", "pk": 775, "fields": {"value": 30.0, "value2": 40.0, "date": "2019-10-09", "qualifier": null, "parameter": 7, "profile": 35}}, {"model": "app.datapoint", "pk": 776, "fields": {"value": 74.0, "value2": null, "date": "2016-01-03", "qualifier": "Unlikely that was fully rested", "parameter": 2, "profile": 35}}, {"model": "app.datapoint", "pk": 778, "fields": {"value": 82.0, "value2": null, "date": "2018-10-10", "qualifier": null, "parameter": 20, "profile": 35}}, {"model": "app.datapoint", "pk": 779, "fields": {"value": 75.0, "value2": null, "date": "2019-09-28", "qualifier": null, "parameter": 20, "profile": 35}}, {"model": "app.datapoint", "pk": 839, "fields": {"value": 117.0, "value2": 68.0, "date": "2015-01-15", "qualifier": null, "parameter": 3, "profile": 7}}, {"model": "app.datapoint", "pk": 840, "fields": {"value": 117.0, "value2": 76.0, "date": "2015-05-07", "qualifier": null, "parameter": 3, "profile": 7}}, {"model": "app.datapoint", "pk": 841, "fields": {"value": 113.0, "value2": 75.0, "date": "2015-05-15", "qualifier": "Unlikely that was fully rested", "parameter": 3, "profile": 7}}, {"model": "app.datapoint", "pk": 842, "fields": {"value": 119.0, "value2": 70.0, "date": "2015-01-06", "qualifier": null, "parameter": 3, "profile": 7}}, {"model": "app.datapoint", "pk": 843, "fields": {"value": 113.0, "value2": 74.0, "date": "2015-06-15", "qualifier": "Measured at 4pm", "parameter": 3, "profile": 7}}, {"model": "app.datapoint", "pk": 844, "fields": {"value": 114.0, "value2": 73.0, "date": "2015-10-23", "qualifier": "Measured at 6pm", "parameter": 3, "profile": 7}}, {"model": "app.datapoint", "pk": 845, "fields": {"value": 104.0, "value2": 72.0, "date": "2015-07-31", "qualifier": null, "parameter": 3, "profile": 7}}, {"model": "app.datapoint", "pk": 846, "fields": {"value": 114.0, "value2": 72.0, "date": "2016-04-01", "qualifier": "Measured at 4pm", "parameter": 3, "profile": 7}}, {"model": "app.datapoint", "pk": 847, "fields": {"value": 126.0, "value2": 88.0, "date": "2019-08-22", "qualifier": "Unlikely that was fully rested", "parameter": 3, "profile": 7}}, {"model": "app.datapoint", "pk": 848, "fields": {"value": 107.0, "value2": 71.0, "date": "2016-01-22", "qualifier": "Measured at noon", "parameter": 3, "profile": 7}}, {"model": "app.datapoint", "pk": 849, "fields": {"value": 64.1, "value2": null, "date": "2015-06-13", "qualifier": "Started mostly plant-based diet", "parameter": 20, "profile": 7}}, {"model": "app.datapoint", "pk": 850, "fields": {"value": 68.2, "value2": null, "date": "2015-01-15", "qualifier": null, "parameter": 20, "profile": 7}}, {"model": "app.datapoint", "pk": 852, "fields": {"value": 67.3, "value2": null, "date": "2015-01-02", "qualifier": null, "parameter": 20, "profile": 7}}, {"model": "app.datapoint", "pk": 855, "fields": {"value": 62.6, "value2": null, "date": "2016-01-16", "qualifier": "Recent meal portion control", "parameter": 20, "profile": 7}}, {"model": "app.datapoint", "pk": 856, "fields": {"value": 64.7, "value2": null, "date": "2015-07-31", "qualifier": "Continuation of plant-based diet", "parameter": 20, "profile": 7}}, {"model": "app.datapoint", "pk": 857, "fields": {"value": 63.2, "value2": null, "date": "2016-04-01", "qualifier": null, "parameter": 20, "profile": 7}}, {"model": "app.datapoint", "pk": 858, "fields": {"value": 59.8, "value2": null, "date": "2016-10-11", "qualifier": "6 months into semi-veg diet", "parameter": 20, "profile": 7}}, {"model": "app.datapoint", "pk": 859, "fields": {"value": 60.3, "value2": null, "date": "2016-07-01", "qualifier": "4 months into jogging routine", "parameter": 20, "profile": 7}}, {"model": "app.datapoint", "pk": 860, "fields": {"value": 61.7, "value2": null, "date": "2017-07-18", "qualifier": null, "parameter": 20, "profile": 7}}, {"model": "app.datapoint", "pk": 861, "fields": {"value": 62.1, "value2": null, "date": "2017-05-20", "qualifier": "Recently stopped jogging", "parameter": 20, "profile": 7}}, {"model": "app.datapoint", "pk": 862, "fields": {"value": 60.4, "value2": null, "date": "2016-07-20", "qualifier": null, "parameter": 20, "profile": 7}}, {"model": "app.datapoint", "pk": 863, "fields": {"value": 64.5, "value2": null, "date": "2019-08-22", "qualifier": null, "parameter": 20, "profile": 7}}, {"model": "app.datapoint", "pk": 864, "fields": {"value": 65.4, "value2": null, "date": "2019-06-26", "qualifier": "4 weeks into weights training routine", "parameter": 20, "profile": 7}}, {"model": "app.datapoint", "pk": 865, "fields": {"value": 51.0, "value2": null, "date": "2015-06-13", "qualifier": null, "parameter": 2, "profile": 7}}, {"model": "app.datapoint", "pk": 866, "fields": {"value": 58.0, "value2": null, "date": "2015-07-31", "qualifier": "Unlikely that was fully rested", "parameter": 2, "profile": 7}}, {"model": "app.datapoint", "pk": 867, "fields": {"value": 52.0, "value2": null, "date": "2015-10-23", "qualifier": "Measured at 6pm", "parameter": 2, "profile": 7}}, {"model": "app.datapoint", "pk": 868, "fields": {"value": 63.0, "value2": null, "date": "2015-05-05", "qualifier": null, "parameter": 2, "profile": 7}}, {"model": "app.datapoint", "pk": 869, "fields": {"value": 67.0, "value2": null, "date": "2015-05-07", "qualifier": "Drank a lot of coffee in morning", "parameter": 2, "profile": 7}}, {"model": "app.datapoint", "pk": 870, "fields": {"value": 77.0, "value2": null, "date": "2015-01-06", "qualifier": null, "parameter": 2, "profile": 7}}, {"model": "app.datapoint", "pk": 871, "fields": {"value": 52.0, "value2": null, "date": "2016-04-01", "qualifier": null, "parameter": 2, "profile": 7}}, {"model": "app.datapoint", "pk": 872, "fields": {"value": 51.0, "value2": null, "date": "2016-01-16", "qualifier": "Measured at 4pm", "parameter": 2, "profile": 7}}, {"model": "app.datapoint", "pk": 873, "fields": {"value": 67.0, "value2": null, "date": "2019-08-22", "qualifier": "Unlikely that was fully rested", "parameter": 2, "profile": 7}}, {"model": "app.datapoint", "pk": 875, "fields": {"value": 121.0, "value2": 81.0, "date": "2019-06-26", "qualifier": "Measured at noon", "parameter": 3, "profile": 7}}, {"model": "app.datapoint", "pk": 880, "fields": {"value": 4.1, "value2": null, "date": "2019-07-01", "qualifier": "Ceased jogging routine", "parameter": 8, "profile": 7}}, {"model": "app.datapoint", "pk": 881, "fields": {"value": 63.0, "value2": null, "date": "2019-10-21", "qualifier": null, "parameter": 2, "profile": 7}}, {"model": "app.datapoint", "pk": 882, "fields": {"value": 119.0, "value2": 82.0, "date": "2019-10-21", "qualifier": null, "parameter": 3, "profile": 7}}, {"model": "app.datapoint", "pk": 883, "fields": {"value": 64.8, "value2": null, "date": "2019-10-21", "qualifier": null, "parameter": 20, "profile": 7}}, {"model": "app.datapoint", "pk": 885, "fields": {"value": 1.6, "value2": 4.3, "date": "2019-07-01", "qualifier": null, "parameter": 7, "profile": 7}}, {"model": "app.datapoint", "pk": 1181, "fields": {"value": 3.9, "value2": null, "date": "2018-05-24", "qualifier": "4 months into jogging routine", "parameter": 8, "profile": 7}}, {"model": "app.datapoint", "pk": 1182, "fields": {"value": 1.4, "value2": 3.9, "date": "2018-05-24", "qualifier": "4 months into jogging routine", "parameter": 7, "profile": 7}}, {"model": "app.datapoint", "pk": 1183, "fields": {"value": 4.2, "value2": null, "date": "2017-06-15", "qualifier": "Fasting period only 10 hours", "parameter": 8, "profile": 7}}, {"model": "app.datapoint", "pk": 1184, "fields": {"value": 1.4, "value2": 4.2, "date": "2017-06-15", "qualifier": "Recent switch to semi-veg diet", "parameter": 7, "profile": 7}}, {"model": "app.datapoint", "pk": 1185, "fields": {"value": 1.7, "value2": 4.3, "date": "2016-09-07", "qualifier": null, "parameter": 7, "profile": 7}}, {"model": "app.datapoint", "pk": 1186, "fields": {"value": 3.8, "value2": null, "date": "2016-09-07", "qualifier": null, "parameter": 8, "profile": 7}}, {"model": "app.datapoint", "pk": 1187, "fields": {"value": 34.0, "value2": null, "date": "2015-10-11", "qualifier": null, "parameter": 26, "profile": 1}}, {"model": "app.datapoint", "pk": 1190, "fields": {"value": 1.5, "value2": 4.1, "date": "2014-03-12", "qualifier": null, "parameter": 7, "profile": 7}}, {"model": "app.datapoint", "pk": 2042, "fields": {"value": 1.4, "value2": 3.8, "date": "2016-11-09", "qualifier": null, "parameter": 7, "profile": 146}}, {"model": "app.datapoint", "pk": 2043, "fields": {"value": 1.2, "value2": 3.8, "date": "2017-12-19", "qualifier": null, "parameter": 7, "profile": 146}}, {"model": "app.datapoint", "pk": 2044, "fields": {"value": 1.3, "value2": 3.9, "date": "2018-01-03", "qualifier": null, "parameter": 7, "profile": 146}}, {"model": "app.datapoint", "pk": 2045, "fields": {"value": 72.4, "value2": null, "date": "2019-05-14", "qualifier": null, "parameter": 20, "profile": 146}}, {"model": "app.datapoint", "pk": 2046, "fields": {"value": 68.5, "value2": null, "date": "2018-02-03", "qualifier": null, "parameter": 20, "profile": 146}}, {"model": "app.datapoint", "pk": 2047, "fields": {"value": 69.9, "value2": null, "date": "2019-10-10", "qualifier": null, "parameter": 20, "profile": 146}}, {"model": "app.datapoint", "pk": 2048, "fields": {"value": 69.4, "value2": null, "date": "2017-10-11", "qualifier": null, "parameter": 20, "profile": 146}}, {"model": "app.datapoint", "pk": 2049, "fields": {"value": 70.4, "value2": null, "date": "2017-05-17", "qualifier": null, "parameter": 20, "profile": 146}}, {"model": "app.datapoint", "pk": 2050, "fields": {"value": 71.2, "value2": null, "date": "2018-12-20", "qualifier": null, "parameter": 20, "profile": 146}}, {"model": "app.datapoint", "pk": 2051, "fields": {"value": 52.0, "value2": null, "date": "2018-10-10", "qualifier": null, "parameter": 20, "profile": 78}}, {"model": "app.datapoint", "pk": 2750, "fields": {"value": 62.2, "value2": null, "date": "2018-03-26", "qualifier": null, "parameter": 20, "profile": 7}}, {"model": "app.datapoint", "pk": 2751, "fields": {"value": 62.4, "value2": null, "date": "2017-08-07", "qualifier": "Ceased plant-based diet", "parameter": 20, "profile": 7}}, {"model": "app.datapoint", "pk": 2799, "fields": {"value": 63.0, "value2": null, "date": "2018-10-21", "qualifier": null, "parameter": 2, "profile": 166}}, {"model": "app.datapoint", "pk": 2800, "fields": {"value": 62.0, "value2": null, "date": "2017-03-12", "qualifier": null, "parameter": 2, "profile": 166}}, {"model": "app.datapoint", "pk": 2801, "fields": {"value": 67.0, "value2": null, "date": "2017-12-12", "qualifier": null, "parameter": 2, "profile": 166}}, {"model": "app.datapoint", "pk": 2802, "fields": {"value": 63.0, "value2": null, "date": "2019-03-26", "qualifier": "Unlikely that was fully rested", "parameter": 2, "profile": 166}}, {"model": "app.datapoint", "pk": 2803, "fields": {"value": 66.0, "value2": null, "date": "2019-07-22", "qualifier": "", "parameter": 2, "profile": 166}}, {"model": "app.datapoint", "pk": 2804, "fields": {"value": 64.0, "value2": null, "date": "2016-12-15", "qualifier": null, "parameter": 2, "profile": 166}}, {"model": "app.datapoint", "pk": 2805, "fields": {"value": 64.0, "value2": null, "date": "2019-09-27", "qualifier": null, "parameter": 2, "profile": 166}}, {"model": "app.datapoint", "pk": 2806, "fields": {"value": 62.0, "value2": null, "date": "2018-11-02", "qualifier": "", "parameter": 2, "profile": 166}}, {"model": "app.datapoint", "pk": 2807, "fields": {"value": 124.0, "value2": 86.0, "date": "2019-10-01", "qualifier": null, "parameter": 3, "profile": 166}}, {"model": "app.datapoint", "pk": 2808, "fields": {"value": 131.0, "value2": 85.0, "date": "2018-01-01", "qualifier": null, "parameter": 3, "profile": 166}}, {"model": "app.datapoint", "pk": 2809, "fields": {"value": 126.0, "value2": 81.0, "date": "2017-12-15", "qualifier": null, "parameter": 3, "profile": 166}}, {"model": "app.datapoint", "pk": 2810, "fields": {"value": 129.0, "value2": 84.0, "date": "2016-05-27", "qualifier": null, "parameter": 3, "profile": 166}}, {"model": "app.datapoint", "pk": 2811, "fields": {"value": 126.0, "value2": 86.0, "date": "2015-08-15", "qualifier": null, "parameter": 3, "profile": 166}}, {"model": "app.datapoint", "pk": 2812, "fields": {"value": 128.0, "value2": 84.0, "date": "2018-12-25", "qualifier": null, "parameter": 3, "profile": 166}}, {"model": "app.datapoint", "pk": 2813, "fields": {"value": 129.0, "value2": 86.0, "date": "2019-12-05", "qualifier": null, "parameter": 3, "profile": 166}}, {"model": "app.datapoint", "pk": 2814, "fields": {"value": 72.9, "value2": null, "date": "2019-06-27", "qualifier": null, "parameter": 20, "profile": 166}}, {"model": "app.datapoint", "pk": 2815, "fields": {"value": 73.1, "value2": null, "date": "2017-07-08", "qualifier": null, "parameter": 20, "profile": 166}}, {"model": "app.datapoint", "pk": 2816, "fields": {"value": 69.5, "value2": null, "date": "2018-12-04", "qualifier": null, "parameter": 20, "profile": 166}}, {"model": "app.datapoint", "pk": 2817, "fields": {"value": 74.2, "value2": null, "date": "2017-09-26", "qualifier": null, "parameter": 20, "profile": 166}}, {"model": "app.datapoint", "pk": 2818, "fields": {"value": 71.2, "value2": null, "date": "2018-08-22", "qualifier": null, "parameter": 20, "profile": 166}}, {"model": "app.datapoint", "pk": 2819, "fields": {"value": 71.0, "value2": null, "date": "2018-02-19", "qualifier": null, "parameter": 20, "profile": 166}}, {"model": "app.datapoint", "pk": 2820, "fields": {"value": 73.2, "value2": null, "date": "2019-11-18", "qualifier": null, "parameter": 20, "profile": 166}}, {"model": "app.datapoint", "pk": 2821, "fields": {"value": 50.0, "value2": 148.0, "date": "2015-10-09", "qualifier": null, "parameter": 7, "profile": 166}}, {"model": "app.datapoint", "pk": 2822, "fields": {"value": 56.0, "value2": 153.0, "date": "2016-02-12", "qualifier": null, "parameter": 7, "profile": 166}}, {"model": "app.datapoint", "pk": 2823, "fields": {"value": 52.0, "value2": 146.0, "date": "2018-11-19", "qualifier": null, "parameter": 7, "profile": 166}}, {"model": "app.datapoint", "pk": 2824, "fields": {"value": 130.0, "value2": 86.0, "date": "2015-10-09", "qualifier": null, "parameter": 3, "profile": 167}}, {"model": "app.datapoint", "pk": 2825, "fields": {"value": 73.2, "value2": null, "date": "2018-10-14", "qualifier": "2 weeks after cruise holiday", "parameter": 20, "profile": 167}}, {"model": "app.datapoint", "pk": 3476, "fields": {"value": 73.0, "value2": null, "date": "2017-05-12", "qualifier": null, "parameter": 20, "profile": 167}}, {"model": "app.datapoint", "pk": 3477, "fields": {"value": 71.2, "value2": null, "date": "2017-10-11", "qualifier": "Recent meal portion control", "parameter": 20, "profile": 167}}, {"model": "app.datapoint", "pk": 3478, "fields": {"value": 71.8, "value2": null, "date": "2018-03-25", "qualifier": null, "parameter": 20, "profile": 167}}, {"model": "app.datapoint", "pk": 3479, "fields": {"value": 72.5, "value2": null, "date": "2016-12-22", "qualifier": null, "parameter": 20, "profile": 167}}, {"model": "app.datapoint", "pk": 3480, "fields": {"value": 71.7, "value2": null, "date": "2019-02-05", "qualifier": null, "parameter": 20, "profile": 167}}, {"model": "app.datapoint", "pk": 3481, "fields": {"value": 134.0, "value2": 85.0, "date": "2019-09-09", "qualifier": "Measured at noon", "parameter": 3, "profile": 167}}, {"model": "app.datapoint", "pk": 3482, "fields": {"value": 129.0, "value2": 86.0, "date": "2019-11-10", "qualifier": "Measured at 10am", "parameter": 3, "profile": 167}}, {"model": "app.datapoint", "pk": 3483, "fields": {"value": 129.0, "value2": 87.0, "date": "2016-04-22", "qualifier": null, "parameter": 3, "profile": 167}}, {"model": "app.datapoint", "pk": 3484, "fields": {"value": 129.0, "value2": 85.0, "date": "2016-07-17", "qualifier": "Measured at 6pm", "parameter": 3, "profile": 167}}, {"model": "app.datapoint", "pk": 3485, "fields": {"value": 133.0, "value2": 87.0, "date": "2017-01-16", "qualifier": "Unlikely that was fully rested", "parameter": 3, "profile": 167}}, {"model": "app.datapoint", "pk": 3486, "fields": {"value": 132.0, "value2": 86.0, "date": "2017-11-08", "qualifier": "Measured at 6pm", "parameter": 3, "profile": 167}}, {"model": "app.datapoint", "pk": 3487, "fields": {"value": 129.0, "value2": 84.0, "date": "2017-02-18", "qualifier": "Measured at 10am", "parameter": 3, "profile": 167}}, {"model": "app.datapoint", "pk": 3488, "fields": {"value": 65.0, "value2": null, "date": "2018-11-26", "qualifier": "Measured at 10am", "parameter": 2, "profile": 167}}, {"model": "app.datapoint", "pk": 3489, "fields": {"value": 64.0, "value2": null, "date": "2016-07-09", "qualifier": null, "parameter": 2, "profile": 167}}, {"model": "app.datapoint", "pk": 3490, "fields": {"value": 70.0, "value2": null, "date": "2017-12-01", "qualifier": "Unlikely that was fully rested", "parameter": 2, "profile": 167}}, {"model": "app.datapoint", "pk": 3491, "fields": {"value": 66.0, "value2": null, "date": "2018-04-22", "qualifier": "Measured at 6pm", "parameter": 2, "profile": 167}}, {"model": "app.datapoint", "pk": 3492, "fields": {"value": 68.0, "value2": null, "date": "2019-02-13", "qualifier": "Measured at 4pm", "parameter": 2, "profile": 167}}, {"model": "app.datapoint", "pk": 3493, "fields": {"value": 67.0, "value2": null, "date": "2019-12-18", "qualifier": null, "parameter": 2, "profile": 167}}, {"model": "app.datapoint", "pk": 3964, "fields": {"value": 6.4, "value2": null, "date": "2019-11-12", "qualifier": null, "parameter": 33, "profile": 35}}, {"model": "app.datapoint", "pk": 3965, "fields": {"value": 7.3, "value2": null, "date": "2018-01-24", "qualifier": null, "parameter": 33, "profile": 35}}, {"model": "app.datapoint", "pk": 3966, "fields": {"value": 6.9, "value2": null, "date": "2019-02-08", "qualifier": null, "parameter": 33, "profile": 35}}, {"model": "app.datapoint", "pk": 3967, "fields": {"value": 6.5, "value2": null, "date": "2017-12-13", "qualifier": null, "parameter": 33, "profile": 35}}, {"model": "app.datapoint", "pk": 3968, "fields": {"value": 78.0, "value2": null, "date": "2016-10-09", "qualifier": null, "parameter": 8, "profile": 35}}, {"model": "app.datapoint", "pk": 3969, "fields": {"value": 72.0, "value2": null, "date": "2016-12-14", "qualifier": null, "parameter": 8, "profile": 35}}, {"model": "app.datapoint", "pk": 3970, "fields": {"value": 75.0, "value2": null, "date": "2018-11-04", "qualifier": null, "parameter": 8, "profile": 35}}, {"model": "app.datapoint", "pk": 3971, "fields": {"value": 79.0, "value2": null, "date": "2018-07-12", "qualifier": null, "parameter": 8, "profile": 35}}, {"model": "app.profileshare", "pk": 43, "fields": {"message": "Hi, it's Sam from work", "enabled": false, "requester": 152, "receiver": 7}}, {"model": "app.profileshare", "pk": 47, "fields": {"message": "Please accept my request", "enabled": true, "requester": 35, "receiver": 7}}, {"model": "app.profileshare", "pk": 48, "fields": {"message": "Hi, please accept", "enabled": false, "requester": 166, "receiver": 7}}, {"model": "app.profileshare", "pk": 49, "fields": {"message": "Hi, it's Darrell from work.", "enabled": true, "requester": 167, "receiver": 7}}, {"model": "app.profileshare", "pk": 50, "fields": {"message": "Hey pal, please accept my invite", "enabled": false, "requester": 7, "receiver": 178}}, {"model": "auth.permission", "pk": 1, "fields": {"name": "Can add log entry", "content_type": 1, "codename": "add_logentry"}}, {"model": "auth.permission", "pk": 2, "fields": {"name": "Can change log entry", "content_type": 1, "codename": "change_logentry"}}, {"model": "auth.permission", "pk": 3, "fields": {"name": "Can delete log entry", "content_type": 1, "codename": "delete_logentry"}}, {"model": "auth.permission", "pk": 4, "fields": {"name": "Can view log entry", "content_type": 1, "codename": "view_logentry"}}, {"model": "auth.permission", "pk": 5, "fields": {"name": "Can add permission", "content_type": 2, "codename": "add_permission"}}, {"model": "auth.permission", "pk": 6, "fields": {"name": "Can change permission", "content_type": 2, "codename": "change_permission"}}, {"model": "auth.permission", "pk": 7, "fields": {"name": "Can delete permission", "content_type": 2, "codename": "delete_permission"}}, {"model": "auth.permission", "pk": 8, "fields": {"name": "Can view permission", "content_type": 2, "codename": "view_permission"}}, {"model": "auth.permission", "pk": 9, "fields": {"name": "Can add group", "content_type": 3, "codename": "add_group"}}, {"model": "auth.permission", "pk": 10, "fields": {"name": "Can change group", "content_type": 3, "codename": "change_group"}}, {"model": "auth.permission", "pk": 11, "fields": {"name": "Can delete group", "content_type": 3, "codename": "delete_group"}}, {"model": "auth.permission", "pk": 12, "fields": {"name": "Can view group", "content_type": 3, "codename": "view_group"}}, {"model": "auth.permission", "pk": 13, "fields": {"name": "Can add content type", "content_type": 4, "codename": "add_contenttype"}}, {"model": "auth.permission", "pk": 14, "fields": {"name": "Can change content type", "content_type": 4, "codename": "change_contenttype"}}, {"model": "auth.permission", "pk": 15, "fields": {"name": "Can delete content type", "content_type": 4, "codename": "delete_contenttype"}}, {"model": "auth.permission", "pk": 16, "fields": {"name": "Can view content type", "content_type": 4, "codename": "view_contenttype"}}, {"model": "auth.permission", "pk": 17, "fields": {"name": "Can add session", "content_type": 5, "codename": "add_session"}}, {"model": "auth.permission", "pk": 18, "fields": {"name": "Can change session", "content_type": 5, "codename": "change_session"}}, {"model": "auth.permission", "pk": 19, "fields": {"name": "Can delete session", "content_type": 5, "codename": "delete_session"}}, {"model": "auth.permission", "pk": 20, "fields": {"name": "Can view session", "content_type": 5, "codename": "view_session"}}, {"model": "auth.permission", "pk": 21, "fields": {"name": "Can add user", "content_type": 6, "codename": "add_user"}}, {"model": "auth.permission", "pk": 22, "fields": {"name": "Can change user", "content_type": 6, "codename": "change_user"}}, {"model": "auth.permission", "pk": 23, "fields": {"name": "Can delete user", "content_type": 6, "codename": "delete_user"}}, {"model": "auth.permission", "pk": 24, "fields": {"name": "Can view user", "content_type": 6, "codename": "view_user"}}, {"model": "auth.permission", "pk": 25, "fields": {"name": "Can add data point", "content_type": 7, "codename": "add_datapoint"}}, {"model": "auth.permission", "pk": 26, "fields": {"name": "Can change data point", "content_type": 7, "codename": "change_datapoint"}}, {"model": "auth.permission", "pk": 27, "fields": {"name": "Can delete data point", "content_type": 7, "codename": "delete_datapoint"}}, {"model": "auth.permission", "pk": 28, "fields": {"name": "Can view data point", "content_type": 7, "codename": "view_datapoint"}}, {"model": "auth.permission", "pk": 29, "fields": {"name": "Can add parameter", "content_type": 8, "codename": "add_parameter"}}, {"model": "auth.permission", "pk": 30, "fields": {"name": "Can change parameter", "content_type": 8, "codename": "change_parameter"}}, {"model": "auth.permission", "pk": 31, "fields": {"name": "Can delete parameter", "content_type": 8, "codename": "delete_parameter"}}, {"model": "auth.permission", "pk": 32, "fields": {"name": "Can view parameter", "content_type": 8, "codename": "view_parameter"}}, {"model": "auth.permission", "pk": 33, "fields": {"name": "Can add profile", "content_type": 9, "codename": "add_profile"}}, {"model": "auth.permission", "pk": 34, "fields": {"name": "Can change profile", "content_type": 9, "codename": "change_profile"}}, {"model": "auth.permission", "pk": 35, "fields": {"name": "Can delete profile", "content_type": 9, "codename": "delete_profile"}}, {"model": "auth.permission", "pk": 36, "fields": {"name": "Can view profile", "content_type": 9, "codename": "view_profile"}}, {"model": "auth.permission", "pk": 37, "fields": {"name": "Can add profile param unit option", "content_type": 10, "codename": "add_profileparamunitoption"}}, {"model": "auth.permission", "pk": 38, "fields": {"name": "Can change profile param unit option", "content_type": 10, "codename": "change_profileparamunitoption"}}, {"model": "auth.permission", "pk": 39, "fields": {"name": "Can delete profile param unit option", "content_type": 10, "codename": "delete_profileparamunitoption"}}, {"model": "auth.permission", "pk": 40, "fields": {"name": "Can view profile param unit option", "content_type": 10, "codename": "view_profileparamunitoption"}}, {"model": "auth.permission", "pk": 41, "fields": {"name": "Can add unit option", "content_type": 11, "codename": "add_unitoption"}}, {"model": "auth.permission", "pk": 42, "fields": {"name": "Can change unit option", "content_type": 11, "codename": "change_unitoption"}}, {"model": "auth.permission", "pk": 43, "fields": {"name": "Can delete unit option", "content_type": 11, "codename": "delete_unitoption"}}, {"model": "auth.permission", "pk": 44, "fields": {"name": "Can view unit option", "content_type": 11, "codename": "view_unitoption"}}, {"model": "auth.permission", "pk": 45, "fields": {"name": "Can add intervention", "content_type": 12, "codename": "add_intervention"}}, {"model": "auth.permission", "pk": 46, "fields": {"name": "Can change intervention", "content_type": 12, "codename": "change_intervention"}}, {"model": "auth.permission", "pk": 47, "fields": {"name": "Can delete intervention", "content_type": 12, "codename": "delete_intervention"}}, {"model": "auth.permission", "pk": 48, "fields": {"name": "Can view intervention", "content_type": 12, "codename": "view_intervention"}}, {"model": "auth.permission", "pk": 49, "fields": {"name": "Can add profile parameter", "content_type": 13, "codename": "add_profileparameter"}}, {"model": "auth.permission", "pk": 50, "fields": {"name": "Can change profile parameter", "content_type": 13, "codename": "change_profileparameter"}}, {"model": "auth.permission", "pk": 51, "fields": {"name": "Can delete profile parameter", "content_type": 13, "codename": "delete_profileparameter"}}, {"model": "auth.permission", "pk": 52, "fields": {"name": "Can view profile parameter", "content_type": 13, "codename": "view_profileparameter"}}, {"model": "auth.permission", "pk": 53, "fields": {"name": "Can add bookmark", "content_type": 14, "codename": "add_bookmark"}}, {"model": "auth.permission", "pk": 54, "fields": {"name": "Can change bookmark", "content_type": 14, "codename": "change_bookmark"}}, {"model": "auth.permission", "pk": 55, "fields": {"name": "Can delete bookmark", "content_type": 14, "codename": "delete_bookmark"}}, {"model": "auth.permission", "pk": 56, "fields": {"name": "Can view bookmark", "content_type": 14, "codename": "view_bookmark"}}, {"model": "auth.permission", "pk": 57, "fields": {"name": "Can add profile parameter link", "content_type": 15, "codename": "add_profileparameterlink"}}, {"model": "auth.permission", "pk": 58, "fields": {"name": "Can change profile parameter link", "content_type": 15, "codename": "change_profileparameterlink"}}, {"model": "auth.permission", "pk": 59, "fields": {"name": "Can delete profile parameter link", "content_type": 15, "codename": "delete_profileparameterlink"}}, {"model": "auth.permission", "pk": 60, "fields": {"name": "Can view profile parameter link", "content_type": 15, "codename": "view_profileparameterlink"}}, {"model": "auth.permission", "pk": 61, "fields": {"name": "Can add profile share", "content_type": 16, "codename": "add_profileshare"}}, {"model": "auth.permission", "pk": 62, "fields": {"name": "Can change profile share", "content_type": 16, "codename": "change_profileshare"}}, {"model": "auth.permission", "pk": 63, "fields": {"name": "Can delete profile share", "content_type": 16, "codename": "delete_profileshare"}}, {"model": "auth.permission", "pk": 64, "fields": {"name": "Can view profile share", "content_type": 16, "codename": "view_profileshare"}}, {"model": "app.user", "pk": 1, "fields": {"password": "pbkdf2_sha256$120000$vEld7oc0VzsC$nEK8HE1Dats0FuXQz0mHSzXmmKB/XkOZL3TSFGpitOM=", "last_login": "2019-12-08T12:56:13.325Z", "is_superuser": true, "username": "paul", "first_name": "", "last_name": "", "email": "", "is_staff": true, "is_active": true, "date_joined": "2019-08-04T13:54:48.985Z", "is_temporary": false, "groups": [], "user_permissions": []}}, {"model": "app.user", "pk": 7, "fields": {"password": "pbkdf2_sha256$120000$5Ou7fnBJvIKl$DRCdh3XN+Yac6shQ3vIB90zgrwvoLp/2bAvMnrosuuM=", "last_login": null, "is_superuser": false, "username": "demo", "first_name": "", "last_name": "", "email": "pjdavis@gmx.com", "is_staff": false, "is_active": true, "date_joined": "2019-08-05T15:05:55.462Z", "is_temporary": false, "groups": [], "user_permissions": []}}, {"model": "app.user", "pk": 37, "fields": {"password": "pbkdf2_sha256$120000$k0JdD7SlGzL4$i7trI1xA+zp8eEM0z6PzopZs6PrOdeKwJ1RuGcROyKc=", "last_login": "2019-11-03T00:17:39Z", "is_superuser": false, "username": "PaulD", "first_name": "", "last_name": "", "email": "pj_davis@hotmail.co.uk", "is_staff": false, "is_active": true, "date_joined": "2019-09-11T20:35:09Z", "is_temporary": false, "groups": [], "user_permissions": []}}, {"model": "app.user", "pk": 80, "fields": {"password": "pbkdf2_sha256$120000$Vtfuxan8idcV$v/OOPUpJ0GLoA+M0xG7/H2zhO/FE6/Gjz6td8GPtvNc=", "last_login": null, "is_superuser": false, "username": "dev", "first_name": "", "last_name": "", "email": "pauldavism@gmail.com", "is_staff": false, "is_active": true, "date_joined": "2019-09-13T19:41:49.531Z", "is_temporary": false, "groups": [], "user_permissions": []}}, {"model": "app.user", "pk": 163, "fields": {"password": "pbkdf2_sha256$120000$Pw6o0sEnx5wG$hHRbX1xqJDNi7qCBRhmWtdTVhj7unrrxgteFbENamPY=", "last_login": null, "is_superuser": false, "username": "sam", "first_name": "", "last_name": "", "email": "abcd@ef.com", "is_staff": false, "is_active": true, "date_joined": "2019-11-10T13:02:52.275Z", "is_temporary": false, "groups": [], "user_permissions": []}}, {"model": "app.user", "pk": 169, "fields": {"password": "pbkdf2_sha256$120000$SRNL0NEzmgTH$Lj0QiKaLCTMUKjZBDCMkjw7VcM622kNBZsG1M747Ilw=", "last_login": null, "is_superuser": false, "username": "Samuel", "first_name": "", "last_name": "", "email": "dsdfis@hotreas.co.uk", "is_staff": false, "is_active": true, "date_joined": "2019-11-16T17:56:20Z", "is_temporary": false, "groups": [], "user_permissions": []}}, {"model": "app.user", "pk": 183, "fields": {"password": "pbkdf2_sha256$120000$Ce5qpnW6fhP8$DheoledSLgtFB13SIB1MHD7VPWWMYd4nsoTQTMBz6mQ=", "last_login": null, "is_superuser": false, "username": "Joseph", "first_name": "", "last_name": "", "email": "pssdd@sd.com", "is_staff": false, "is_active": true, "date_joined": "2019-11-19T23:38:46.162Z", "is_temporary": false, "groups": [], "user_permissions": []}}, {"model": "app.user", "pk": 184, "fields": {"password": "pbkdf2_sha256$120000$xyeDAuf1BWNN$HQTN5dt0lxqJF+QRB86E0vmHYAiZhRbyhRTqro7UwsY=", "last_login": null, "is_superuser": false, "username": "Darrell", "first_name": "", "last_name": "", "email": "darrep@asdf.com", "is_staff": false, "is_active": true, "date_joined": "2019-11-21T08:23:25.694Z", "is_temporary": false, "groups": [], "user_permissions": []}}, {"model": "app.user", "pk": 195, "fields": {"password": "pbkdf2_sha256$120000$ecu3L0DIw7TW$QyRP/fYtP0BDZruuPpUWT0A8EmEUwKvtooIs8xuH/WY=", "last_login": null, "is_superuser": false, "username": "James", "first_name": "", "last_name": "", "email": "adsfsfd@sadf.com", "is_staff": false, "is_active": true, "date_joined": "2019-11-21T21:10:06.248Z", "is_temporary": false, "groups": [], "user_permissions": []}}, {"model": "app.profile", "pk": 1, "fields": {"user": 1, "email_confirmed": false, "birth_year": 0, "height": 155, "gender": ""}}, {"model": "app.profile", "pk": 7, "fields": {"user": 7, "email_confirmed": true, "birth_year": 0, "height": 178, "gender": "m"}}, {"model": "app.profile", "pk": 35, "fields": {"user": 37, "email_confirmed": true, "birth_year": 1961, "height": 174, "gender": "m"}}, {"model": "app.profile", "pk": 78, "fields": {"user": 80, "email_confirmed": true, "birth_year": 1931, "height": 0, "gender": "m"}}, {"model": "app.profile", "pk": 146, "fields": {"user": 163, "email_confirmed": true, "birth_year": 0, "height": 0, "gender": ""}}, {"model": "app.profile", "pk": 152, "fields": {"user": 169, "email_confirmed": true, "birth_year": 0, "height": 0, "gender": ""}}, {"model": "app.profile", "pk": 166, "fields": {"user": 183, "email_confirmed": true, "birth_year": 0, "height": 0, "gender": ""}}, {"model": "app.profile", "pk": 167, "fields": {"user": 184, "email_confirmed": true, "birth_year": 1972, "height": 180, "gender": "m"}}, {"model": "app.profile", "pk": 178, "fields": {"user": 195, "email_confirmed": true, "birth_year": 0, "height": 0, "gender": ""}}, {"model": "admin.logentry", "pk": 1, "fields": {"action_time": "2019-08-04T14:10:53.351Z", "user": 1, "content_type": 8, "object_id": "1", "object_repr": "Body weight", "action_flag": 1, "change_message": "[{\"added\": {}}]"}}, {"model": "admin.logentry", "pk": 2, "fields": {"action_time": "2019-08-04T14:13:45.350Z", "user": 1, "content_type": 8, "object_id": "2", "object_repr": "Heart rate", "action_flag": 1, "change_message": "[{\"added\": {}}]"}}, {"model": "admin.logentry", "pk": 3, "fields": {"action_time": "2019-08-04T14:14:27.209Z", "user": 1, "content_type": 8, "object_id": "3", "object_repr": "Blood pressure", "action_flag": 1, "change_message": "[{\"added\": {}}]"}}, {"model": "admin.logentry", "pk": 4, "fields": {"action_time": "2019-08-04T14:31:39.560Z", "user": 1, "content_type": 8, "object_id": "2", "object_repr": "Heart rate", "action_flag": 2, "change_message": "[{\"changed\": {\"fields\": [\"upload_fields\"]}}]"}}, {"model": "admin.logentry", "pk": 5, "fields": {"action_time": "2019-08-04T14:31:58.930Z", "user": 1, "content_type": 8, "object_id": "1", "object_repr": "Body weight", "action_flag": 2, "change_message": "[{\"changed\": {\"fields\": [\"upload_fields\"]}}]"}}, {"model": "admin.logentry", "pk": 6, "fields": {"action_time": "2019-08-05T08:57:55.189Z", "user": 1, "content_type": 6, "object_id": "3", "object_repr": "test2", "action_flag": 1, "change_message": "[{\"added\": {}}]"}}, {"model": "admin.logentry", "pk": 7, "fields": {"action_time": "2019-08-05T09:02:12.232Z", "user": 1, "content_type": 9, "object_id": "3", "object_repr": "_profile", "action_flag": 3, "change_message": ""}}, {"model": "admin.logentry", "pk": 8, "fields": {"action_time": "2019-08-05T09:33:00.408Z", "user": 1, "content_type": 6, "object_id": "4", "object_repr": "test3", "action_flag": 1, "change_message": "[{\"added\": {}}]"}}, {"model": "admin.logentry", "pk": 9, "fields": {"action_time": "2019-08-05T13:48:18.948Z", "user": 1, "content_type": 6, "object_id": "5", "object_repr": "sam", "action_flag": 1, "change_message": "[{\"added\": {}}]"}}, {"model": "admin.logentry", "pk": 10, "fields": {"action_time": "2019-08-05T14:10:39.461Z", "user": 1, "content_type": 6, "object_id": "5", "object_repr": "sam", "action_flag": 3, "change_message": ""}}, {"model": "admin.logentry", "pk": 11, "fields": {"action_time": "2019-08-05T14:10:39.489Z", "user": 1, "content_type": 6, "object_id": "3", "object_repr": "test2", "action_flag": 3, "change_message": ""}}, {"model": "admin.logentry", "pk": 12, "fields": {"action_time": "2019-08-05T14:10:39.492Z", "user": 1, "content_type": 6, "object_id": "4", "object_repr": "test3", "action_flag": 3, "change_message": ""}}, {"model": "admin.logentry", "pk": 13, "fields": {"action_time": "2019-08-05T15:44:49.994Z", "user": 1, "content_type": 7, "object_id": "33", "object_repr": "paul2_profile Body weight at 2019-08-05", "action_flag": 1, "change_message": "[{\"added\": {}}]"}}, {"model": "admin.logentry", "pk": 14, "fields": {"action_time": "2019-08-05T15:45:05.834Z", "user": 1, "content_type": 7, "object_id": "34", "object_repr": "paul2_profile Blood pressure at 2019-08-05", "action_flag": 1, "change_message": "[{\"added\": {}}]"}}, {"model": "admin.logentry", "pk": 15, "fields": {"action_time": "2019-08-05T16:04:50.841Z", "user": 1, "content_type": 6, "object_id": "8", "object_repr": "", "action_flag": 3, "change_message": ""}}, {"model": "admin.logentry", "pk": 16, "fields": {"action_time": "2019-08-05T16:07:26.922Z", "user": 1, "content_type": 6, "object_id": "9", "object_repr": "", "action_flag": 3, "change_message": ""}}, {"model": "admin.logentry", "pk": 17, "fields": {"action_time": "2019-08-05T22:12:16.625Z", "user": 1, "content_type": 8, "object_id": "3", "object_repr": "Blood pressure", "action_flag": 2, "change_message": "[{\"changed\": {\"fields\": [\"upload_fields\"]}}]"}}, {"model": "admin.logentry", "pk": 18, "fields": {"action_time": "2019-08-06T09:09:48.725Z", "user": 1, "content_type": 6, "object_id": "10", "object_repr": "joe", "action_flag": 1, "change_message": "[{\"added\": {}}]"}}, {"model": "admin.logentry", "pk": 19, "fields": {"action_time": "2019-08-06T22:15:33.023Z", "user": 1, "content_type": 9, "object_id": "12", "object_repr": "del_profile", "action_flag": 3, "change_message": ""}}, {"model": "admin.logentry", "pk": 20, "fields": {"action_time": "2019-08-06T22:15:33.081Z", "user": 1, "content_type": 9, "object_id": "11", "object_repr": "_profile", "action_flag": 3, "change_message": ""}}, {"model": "admin.logentry", "pk": 21, "fields": {"action_time": "2019-08-06T22:15:42.318Z", "user": 1, "content_type": 6, "object_id": "11", "object_repr": "", "action_flag": 3, "change_message": ""}}, {"model": "admin.logentry", "pk": 22, "fields": {"action_time": "2019-08-06T22:15:42.337Z", "user": 1, "content_type": 6, "object_id": "12", "object_repr": "del", "action_flag": 3, "change_message": ""}}, {"model": "admin.logentry", "pk": 23, "fields": {"action_time": "2019-08-06T22:16:46.672Z", "user": 1, "content_type": 9, "object_id": "13", "object_repr": "_profile", "action_flag": 3, "change_message": ""}}, {"model": "admin.logentry", "pk": 24, "fields": {"action_time": "2019-08-06T22:16:56.946Z", "user": 1, "content_type": 6, "object_id": "13", "object_repr": "", "action_flag": 3, "change_message": ""}}, {"model": "admin.logentry", "pk": 25, "fields": {"action_time": "2019-08-06T22:19:29.133Z", "user": 1, "content_type": 7, "object_id": "25", "object_repr": "demo_profile Heart rate at 2014-12-15", "action_flag": 2, "change_message": "[{\"changed\": {\"fields\": [\"profile\"]}}]"}}, {"model": "admin.logentry", "pk": 26, "fields": {"action_time": "2019-08-06T22:19:35.994Z", "user": 1, "content_type": 7, "object_id": "21", "object_repr": "demo_profile Heart rate at 2012-07-12", "action_flag": 2, "change_message": "[{\"changed\": {\"fields\": [\"profile\"]}}]"}}, {"model": "admin.logentry", "pk": 27, "fields": {"action_time": "2019-08-06T22:19:42.735Z", "user": 1, "content_type": 7, "object_id": "22", "object_repr": "demo_profile Heart rate at 2011-12-15", "action_flag": 2, "change_message": "[{\"changed\": {\"fields\": [\"profile\"]}}]"}}, {"model": "admin.logentry", "pk": 28, "fields": {"action_time": "2019-08-06T22:19:50.659Z", "user": 1, "content_type": 7, "object_id": "20", "object_repr": "demo_profile Heart rate at 2011-10-22", "action_flag": 2, "change_message": "[{\"changed\": {\"fields\": [\"profile\"]}}]"}}, {"model": "admin.logentry", "pk": 29, "fields": {"action_time": "2019-08-06T22:20:00.330Z", "user": 1, "content_type": 7, "object_id": "39", "object_repr": "demo_profile Blood pressure at 2012-12-12", "action_flag": 2, "change_message": "[{\"changed\": {\"fields\": [\"profile\"]}}]"}}, {"model": "admin.logentry", "pk": 30, "fields": {"action_time": "2019-08-06T22:20:08.458Z", "user": 1, "content_type": 7, "object_id": "38", "object_repr": "demo_profile Blood pressure at 2012-11-27", "action_flag": 2, "change_message": "[{\"changed\": {\"fields\": [\"profile\"]}}]"}}, {"model": "admin.logentry", "pk": 31, "fields": {"action_time": "2019-08-06T22:20:14.969Z", "user": 1, "content_type": 7, "object_id": "37", "object_repr": "demo_profile Blood pressure at 2012-11-15", "action_flag": 2, "change_message": "[{\"changed\": {\"fields\": [\"profile\"]}}]"}}, {"model": "admin.logentry", "pk": 32, "fields": {"action_time": "2019-08-06T22:30:53.849Z", "user": 1, "content_type": 6, "object_id": "14", "object_repr": "", "action_flag": 3, "change_message": ""}}, {"model": "admin.logentry", "pk": 33, "fields": {"action_time": "2019-08-06T22:38:33.896Z", "user": 1, "content_type": 6, "object_id": "16", "object_repr": "demo_13e1ad1cb6a9433d", "action_flag": 3, "change_message": ""}}, {"model": "admin.logentry", "pk": 34, "fields": {"action_time": "2019-08-08T21:12:15.691Z", "user": 1, "content_type": 11, "object_id": "4", "object_repr": "Pounds", "action_flag": 1, "change_message": "[{\"added\": {}}]"}}, {"model": "admin.logentry", "pk": 35, "fields": {"action_time": "2019-08-08T21:46:33.626Z", "user": 1, "content_type": 10, "object_id": "8", "object_repr": "paul2_profile - Body weight - unit option", "action_flag": 1, "change_message": "[{\"added\": {}}]"}}, {"model": "admin.logentry", "pk": 36, "fields": {"action_time": "2019-08-10T14:31:46.599Z", "user": 1, "content_type": 10, "object_id": "8", "object_repr": "paul2_profile - Body weight - unit option", "action_flag": 3, "change_message": ""}}, {"model": "admin.logentry", "pk": 37, "fields": {"action_time": "2019-08-10T14:32:07.172Z", "user": 1, "content_type": 7, "object_id": "153", "object_repr": "paul2_profile Body weight at 3000-01-01", "action_flag": 3, "change_message": ""}}, {"model": "admin.logentry", "pk": 38, "fields": {"action_time": "2019-08-10T16:33:04.218Z", "user": 1, "content_type": 11, "object_id": "1", "object_repr": "Kilograms", "action_flag": 2, "change_message": "[{\"changed\": {\"fields\": [\"name\"]}}]"}}, {"model": "admin.logentry", "pk": 39, "fields": {"action_time": "2019-08-10T19:10:58.575Z", "user": 1, "content_type": 8, "object_id": "2", "object_repr": "Heart rate", "action_flag": 2, "change_message": "[{\"changed\": {\"fields\": [\"default_unit_name\", \"default_unit_symbol\"]}}]"}}, {"model": "admin.logentry", "pk": 40, "fields": {"action_time": "2019-08-10T23:19:22.829Z", "user": 1, "content_type": 8, "object_id": "7", "object_repr": "Blood cholesterol", "action_flag": 1, "change_message": "[{\"added\": {}}]"}}, {"model": "admin.logentry", "pk": 41, "fields": {"action_time": "2019-08-10T23:20:19.344Z", "user": 1, "content_type": 11, "object_id": "5", "object_repr": "Milligrams per cubic litre", "action_flag": 2, "change_message": "[{\"changed\": {\"fields\": [\"name\", \"symbol\"]}}]"}}, {"model": "admin.logentry", "pk": 42, "fields": {"action_time": "2019-08-11T21:15:41.615Z", "user": 1, "content_type": 10, "object_id": "10", "object_repr": "paul2_profile - Body weight - unit option", "action_flag": 3, "change_message": ""}}, {"model": "admin.logentry", "pk": 43, "fields": {"action_time": "2019-08-11T21:22:57.349Z", "user": 1, "content_type": 10, "object_id": "9", "object_repr": "paul2_profile - Body weight - unit option", "action_flag": 3, "change_message": ""}}, {"model": "admin.logentry", "pk": 44, "fields": {"action_time": "2019-08-11T21:28:56.247Z", "user": 1, "content_type": 10, "object_id": "14", "object_repr": "paul2_profile - Body weight - unit option", "action_flag": 3, "change_message": ""}}, {"model": "admin.logentry", "pk": 45, "fields": {"action_time": "2019-08-11T21:40:43.171Z", "user": 1, "content_type": 10, "object_id": "16", "object_repr": "paul2_profile - Blood cholesterol - unit option", "action_flag": 3, "change_message": ""}}, {"model": "admin.logentry", "pk": 46, "fields": {"action_time": "2019-08-11T22:19:41.247Z", "user": 1, "content_type": 8, "object_id": "7", "object_repr": "Blood cholesterol", "action_flag": 2, "change_message": "[{\"changed\": {\"fields\": [\"upload_fields\"]}}]"}}, {"model": "admin.logentry", "pk": 47, "fields": {"action_time": "2019-08-11T22:21:45.865Z", "user": 1, "content_type": 8, "object_id": "7", "object_repr": "Blood cholesterol", "action_flag": 2, "change_message": "[{\"changed\": {\"fields\": [\"upload_field_labels\"]}}]"}}, {"model": "admin.logentry", "pk": 48, "fields": {"action_time": "2019-08-14T19:20:28.577Z", "user": 1, "content_type": 8, "object_id": "3", "object_repr": "Blood pressure", "action_flag": 2, "change_message": "[{\"changed\": {\"fields\": [\"value2_short_label_1\", \"value2_short_label_2\"]}}]"}}, {"model": "admin.logentry", "pk": 49, "fields": {"action_time": "2019-08-14T19:21:05.151Z", "user": 1, "content_type": 8, "object_id": "7", "object_repr": "Blood cholesterol", "action_flag": 2, "change_message": "[{\"changed\": {\"fields\": [\"value2_short_label_1\", \"value2_short_label_2\"]}}]"}}, {"model": "admin.logentry", "pk": 50, "fields": {"action_time": "2019-08-14T19:29:18.332Z", "user": 1, "content_type": 8, "object_id": "3", "object_repr": "Blood pressure", "action_flag": 2, "change_message": "[{\"changed\": {\"fields\": [\"upload_field_labels\"]}}]"}}, {"model": "admin.logentry", "pk": 51, "fields": {"action_time": "2019-08-16T20:43:12.781Z", "user": 1, "content_type": 7, "object_id": "26", "object_repr": "paul2_profile Heart rate at 2018-10-17", "action_flag": 2, "change_message": "[{\"changed\": {\"fields\": [\"qualifier\"]}}]"}}, {"model": "admin.logentry", "pk": 52, "fields": {"action_time": "2019-08-16T21:46:50.044Z", "user": 1, "content_type": 7, "object_id": "31", "object_repr": "paul2_profile Heart rate at 2004-12-15", "action_flag": 2, "change_message": "[{\"changed\": {\"fields\": [\"qualifier\"]}}]"}}, {"model": "admin.logentry", "pk": 53, "fields": {"action_time": "2019-08-16T21:47:11.852Z", "user": 1, "content_type": 7, "object_id": "158", "object_repr": "paul2_profile Blood pressure at 2015-10-03", "action_flag": 2, "change_message": "[{\"changed\": {\"fields\": [\"qualifier\"]}}]"}}, {"model": "admin.logentry", "pk": 54, "fields": {"action_time": "2019-08-16T21:47:23.208Z", "user": 1, "content_type": 7, "object_id": "34", "object_repr": "paul2_profile Blood pressure at 2016-08-05", "action_flag": 2, "change_message": "[{\"changed\": {\"fields\": [\"qualifier\"]}}]"}}, {"model": "admin.logentry", "pk": 55, "fields": {"action_time": "2019-08-16T21:47:47.640Z", "user": 1, "content_type": 7, "object_id": "159", "object_repr": "paul2_profile Blood pressure at 2018-11-02", "action_flag": 2, "change_message": "[{\"changed\": {\"fields\": [\"qualifier\"]}}]"}}, {"model": "admin.logentry", "pk": 56, "fields": {"action_time": "2019-08-23T17:41:30.106Z", "user": 1, "content_type": 9, "object_id": "2", "object_repr": "paul2_profile", "action_flag": 2, "change_message": "[{\"changed\": {\"fields\": [\"birth_year\", \"height\", \"gender\"]}}]"}}, {"model": "admin.logentry", "pk": 57, "fields": {"action_time": "2019-08-23T17:41:54.160Z", "user": 1, "content_type": 9, "object_id": "7", "object_repr": "demo_profile", "action_flag": 2, "change_message": "[{\"changed\": {\"fields\": [\"birth_year\", \"height\", \"gender\"]}}]"}}, {"model": "admin.logentry", "pk": 58, "fields": {"action_time": "2019-09-04T21:47:15.253Z", "user": 1, "content_type": 8, "object_id": "1", "object_repr": "Body weight", "action_flag": 2, "change_message": "[{\"changed\": {\"fields\": [\"ideal_info\"]}}]"}}, {"model": "admin.logentry", "pk": 59, "fields": {"action_time": "2019-09-06T17:29:26.297Z", "user": 1, "content_type": 10, "object_id": "15", "object_repr": "paul2_profile - Body weight - unit option", "action_flag": 2, "change_message": "[{\"changed\": {\"fields\": [\"target_value\"]}}]"}}, {"model": "admin.logentry", "pk": 60, "fields": {"action_time": "2019-09-06T20:06:48.326Z", "user": 1, "content_type": 8, "object_id": "1", "object_repr": "Body weight", "action_flag": 2, "change_message": "[{\"changed\": {\"fields\": [\"ideal_info_url\"]}}]"}}, {"model": "admin.logentry", "pk": 61, "fields": {"action_time": "2019-09-07T23:06:40.913Z", "user": 1, "content_type": 10, "object_id": "26", "object_repr": "paul2_profile - Blood pressure - unit option", "action_flag": 2, "change_message": "[{\"changed\": {\"fields\": [\"target_value2\"]}}]"}}, {"model": "admin.logentry", "pk": 62, "fields": {"action_time": "2019-09-08T22:47:09.130Z", "user": 1, "content_type": 8, "object_id": "2", "object_repr": "Heart rate", "action_flag": 2, "change_message": "[{\"changed\": {\"fields\": [\"ideal_info\", \"ideal_info_url\"]}}]"}}, {"model": "admin.logentry", "pk": 63, "fields": {"action_time": "2019-09-08T22:48:04.378Z", "user": 1, "content_type": 8, "object_id": "2", "object_repr": "Resting heart rate", "action_flag": 2, "change_message": "[{\"changed\": {\"fields\": [\"name\"]}}]"}}, {"model": "admin.logentry", "pk": 64, "fields": {"action_time": "2019-09-11T07:10:47.377Z", "user": 1, "content_type": 11, "object_id": "5", "object_repr": "Milligrams per decilitre", "action_flag": 2, "change_message": "[{\"changed\": {\"fields\": [\"name\", \"symbol\"]}}]"}}, {"model": "admin.logentry", "pk": 65, "fields": {"action_time": "2019-09-11T17:50:31.341Z", "user": 1, "content_type": 11, "object_id": "5", "object_repr": "Milligrams per decilitre", "action_flag": 2, "change_message": "[{\"changed\": {\"fields\": [\"conversion_factor\", \"param_default\"]}}]"}}, {"model": "admin.logentry", "pk": 66, "fields": {"action_time": "2019-09-11T17:50:56.839Z", "user": 1, "content_type": 11, "object_id": "5", "object_repr": "Milligrams per decilitre", "action_flag": 2, "change_message": "[]"}}, {"model": "admin.logentry", "pk": 67, "fields": {"action_time": "2019-09-11T17:53:27.614Z", "user": 1, "content_type": 11, "object_id": "6", "object_repr": "mmol per litre", "action_flag": 1, "change_message": "[{\"added\": {}}]"}}, {"model": "admin.logentry", "pk": 68, "fields": {"action_time": "2019-09-11T22:28:54.543Z", "user": 1, "content_type": 7, "object_id": "231", "object_repr": "paul3_profile Blood cholesterol at 2015-10-11", "action_flag": 3, "change_message": ""}}, {"model": "admin.logentry", "pk": 69, "fields": {"action_time": "2019-09-11T22:28:54.574Z", "user": 1, "content_type": 7, "object_id": "230", "object_repr": "paul3_profile Blood cholesterol at 2015-10-09", "action_flag": 3, "change_message": ""}}, {"model": "admin.logentry", "pk": 70, "fields": {"action_time": "2019-09-11T22:57:38.821Z", "user": 1, "content_type": 7, "object_id": "232", "object_repr": "paul3_profile Blood cholesterol at 2015-10-09", "action_flag": 3, "change_message": ""}}, {"model": "admin.logentry", "pk": 71, "fields": {"action_time": "2019-09-11T23:25:47.951Z", "user": 1, "content_type": 7, "object_id": "233", "object_repr": "paul3_profile Blood cholesterol at 2015-10-09", "action_flag": 3, "change_message": ""}}, {"model": "admin.logentry", "pk": 72, "fields": {"action_time": "2019-09-13T07:07:04.097Z", "user": 1, "content_type": 10, "object_id": "144", "object_repr": "paul3_profile - Blood pressure - unit option", "action_flag": 3, "change_message": ""}}, {"model": "admin.logentry", "pk": 73, "fields": {"action_time": "2019-09-13T07:23:40.019Z", "user": 1, "content_type": 7, "object_id": "234", "object_repr": "paul3_profile Blood cholesterol at 2015-10-09", "action_flag": 3, "change_message": ""}}, {"model": "admin.logentry", "pk": 74, "fields": {"action_time": "2019-09-13T18:00:00.838Z", "user": 1, "content_type": 10, "object_id": "145", "object_repr": "paul3_profile - Blood cholesterol - unit option", "action_flag": 3, "change_message": ""}}, {"model": "admin.logentry", "pk": 75, "fields": {"action_time": "2019-09-13T18:00:33.900Z", "user": 1, "content_type": 7, "object_id": "533", "object_repr": "paul3_profile Blood pressure at 2015-10-09", "action_flag": 3, "change_message": ""}}, {"model": "admin.logentry", "pk": 76, "fields": {"action_time": "2019-09-13T18:01:01.247Z", "user": 1, "content_type": 7, "object_id": "534", "object_repr": "paul3_profile Blood cholesterol at 2015-10-09", "action_flag": 3, "change_message": ""}}, {"model": "admin.logentry", "pk": 77, "fields": {"action_time": "2019-09-13T20:23:22.210Z", "user": 1, "content_type": 7, "object_id": "553", "object_repr": "dev_profile Resting heart rate at 2019-09-11", "action_flag": 1, "change_message": "[{\"added\": {}}]"}}, {"model": "admin.logentry", "pk": 78, "fields": {"action_time": "2019-09-13T20:23:43.065Z", "user": 1, "content_type": 7, "object_id": "554", "object_repr": "dev_profile Body weight at 2019-09-01", "action_flag": 1, "change_message": "[{\"added\": {}}]"}}, {"model": "admin.logentry", "pk": 79, "fields": {"action_time": "2019-09-13T21:20:17.591Z", "user": 1, "content_type": 7, "object_id": "550", "object_repr": "dev_profile Blood pressure at 2015-11-09", "action_flag": 3, "change_message": ""}}, {"model": "admin.logentry", "pk": 80, "fields": {"action_time": "2019-09-13T21:20:17.654Z", "user": 1, "content_type": 7, "object_id": "548", "object_repr": "dev_profile Blood pressure at 2015-10-11", "action_flag": 3, "change_message": ""}}, {"model": "admin.logentry", "pk": 81, "fields": {"action_time": "2019-09-13T21:20:17.654Z", "user": 1, "content_type": 7, "object_id": "549", "object_repr": "dev_profile Blood pressure at 2015-10-09", "action_flag": 3, "change_message": ""}}, {"model": "admin.logentry", "pk": 82, "fields": {"action_time": "2019-09-13T21:20:30.213Z", "user": 1, "content_type": 7, "object_id": "553", "object_repr": "dev_profile Resting heart rate at 2019-09-11", "action_flag": 3, "change_message": ""}}, {"model": "admin.logentry", "pk": 83, "fields": {"action_time": "2019-09-13T21:20:30.229Z", "user": 1, "content_type": 7, "object_id": "552", "object_repr": "dev_profile Resting heart rate at 2015-10-11", "action_flag": 3, "change_message": ""}}, {"model": "admin.logentry", "pk": 84, "fields": {"action_time": "2019-09-13T21:20:30.229Z", "user": 1, "content_type": 7, "object_id": "551", "object_repr": "dev_profile Resting heart rate at 2015-10-09", "action_flag": 3, "change_message": ""}}, {"model": "admin.logentry", "pk": 85, "fields": {"action_time": "2019-09-14T09:03:25.088Z", "user": 1, "content_type": 10, "object_id": "154", "object_repr": "dev_profile - Blood cholesterol - unit option", "action_flag": 3, "change_message": ""}}, {"model": "admin.logentry", "pk": 86, "fields": {"action_time": "2019-09-14T09:03:30.633Z", "user": 1, "content_type": 7, "object_id": "561", "object_repr": "dev_profile Blood cholesterol at 2015-10-11", "action_flag": 3, "change_message": ""}}, {"model": "admin.logentry", "pk": 87, "fields": {"action_time": "2019-09-14T09:03:30.680Z", "user": 1, "content_type": 7, "object_id": "557", "object_repr": "dev_profile Blood cholesterol at 2015-10-09", "action_flag": 3, "change_message": ""}}, {"model": "admin.logentry", "pk": 88, "fields": {"action_time": "2019-09-14T09:17:24.413Z", "user": 1, "content_type": 7, "object_id": "554", "object_repr": "dev_profile Body weight at 2019-09-01", "action_flag": 3, "change_message": ""}}, {"model": "admin.logentry", "pk": 89, "fields": {"action_time": "2019-09-14T16:37:31.498Z", "user": 1, "content_type": 7, "object_id": "573", "object_repr": "dev_profile Body weight at 2016-11-09", "action_flag": 3, "change_message": ""}}, {"model": "admin.logentry", "pk": 90, "fields": {"action_time": "2019-09-14T16:37:31.545Z", "user": 1, "content_type": 7, "object_id": "572", "object_repr": "dev_profile Body weight at 2015-10-11", "action_flag": 3, "change_message": ""}}, {"model": "admin.logentry", "pk": 91, "fields": {"action_time": "2019-09-14T17:53:47.130Z", "user": 1, "content_type": 7, "object_id": "563", "object_repr": "dev_profile Blood cholesterol at 2015-10-09", "action_flag": 3, "change_message": ""}}, {"model": "admin.logentry", "pk": 92, "fields": {"action_time": "2019-09-14T18:20:03.089Z", "user": 1, "content_type": 7, "object_id": "562", "object_repr": "dev_profile Resting heart rate at 2015-10-09", "action_flag": 3, "change_message": ""}}, {"model": "admin.logentry", "pk": 93, "fields": {"action_time": "2019-09-14T19:43:19.233Z", "user": 1, "content_type": 7, "object_id": "577", "object_repr": "dev_profile Resting heart rate at 2015-10-11", "action_flag": 3, "change_message": ""}}, {"model": "admin.logentry", "pk": 94, "fields": {"action_time": "2019-09-14T19:46:51.813Z", "user": 1, "content_type": 7, "object_id": "578", "object_repr": "dev_profile Resting heart rate at 2015-10-09", "action_flag": 3, "change_message": ""}}, {"model": "admin.logentry", "pk": 95, "fields": {"action_time": "2019-09-14T19:49:32.444Z", "user": 1, "content_type": 7, "object_id": "579", "object_repr": "dev_profile Resting heart rate at 2015-10-11", "action_flag": 3, "change_message": ""}}, {"model": "admin.logentry", "pk": 96, "fields": {"action_time": "2019-09-14T19:58:51.330Z", "user": 1, "content_type": 7, "object_id": "580", "object_repr": "dev_profile Resting heart rate at 2015-10-11", "action_flag": 3, "change_message": ""}}, {"model": "admin.logentry", "pk": 97, "fields": {"action_time": "2019-09-14T20:13:28.342Z", "user": 1, "content_type": 7, "object_id": "576", "object_repr": "dev_profile Blood cholesterol at 2015-10-09", "action_flag": 3, "change_message": ""}}, {"model": "admin.logentry", "pk": 98, "fields": {"action_time": "2019-09-14T22:10:48.317Z", "user": 1, "content_type": 7, "object_id": "587", "object_repr": "dev_profile Resting heart rate at 2019-07-07", "action_flag": 3, "change_message": ""}}, {"model": "admin.logentry", "pk": 99, "fields": {"action_time": "2019-09-14T22:10:48.380Z", "user": 1, "content_type": 7, "object_id": "581", "object_repr": "dev_profile Resting heart rate at 2018-11-10", "action_flag": 3, "change_message": ""}}, {"model": "admin.logentry", "pk": 100, "fields": {"action_time": "2019-09-15T11:28:51.354Z", "user": 1, "content_type": 11, "object_id": "5", "object_repr": "Milligrams per decilitre", "action_flag": 2, "change_message": "[{\"changed\": {\"fields\": [\"conversion_factor\"]}}]"}}, {"model": "admin.logentry", "pk": 101, "fields": {"action_time": "2019-09-15T17:08:54.313Z", "user": 1, "content_type": 8, "object_id": "7", "object_repr": "Blood cholesterol", "action_flag": 2, "change_message": "[{\"changed\": {\"fields\": [\"ideal_info\", \"ideal_info_url\"]}}]"}}, {"model": "admin.logentry", "pk": 102, "fields": {"action_time": "2019-09-16T20:30:11.677Z", "user": 1, "content_type": 8, "object_id": "7", "object_repr": "Blood cholesterol", "action_flag": 2, "change_message": "[{\"changed\": {\"fields\": [\"ideal_info\", \"ideal_info_url\"]}}]"}}, {"model": "admin.logentry", "pk": 103, "fields": {"action_time": "2019-09-16T23:25:00.549Z", "user": 1, "content_type": 8, "object_id": "8", "object_repr": "Fasting blood glucose", "action_flag": 1, "change_message": "[{\"added\": {}}]"}}, {"model": "admin.logentry", "pk": 104, "fields": {"action_time": "2019-09-17T19:39:07.301Z", "user": 1, "content_type": 8, "object_id": "8", "object_repr": "Fasting blood glucose", "action_flag": 2, "change_message": "[{\"changed\": {\"fields\": [\"ideal_info\", \"ideal_info_url\"]}}]"}}, {"model": "admin.logentry", "pk": 105, "fields": {"action_time": "2019-09-17T20:07:03.441Z", "user": 1, "content_type": 11, "object_id": "7", "object_repr": "mmol per litre", "action_flag": 2, "change_message": "[{\"changed\": {\"fields\": [\"name\", \"symbol\"]}}]"}}, {"model": "admin.logentry", "pk": 106, "fields": {"action_time": "2019-09-17T20:10:54.090Z", "user": 1, "content_type": 11, "object_id": "8", "object_repr": "Milligrams per decilitre", "action_flag": 1, "change_message": "[{\"added\": {}}]"}}, {"model": "admin.logentry", "pk": 107, "fields": {"action_time": "2019-09-18T17:45:48.475Z", "user": 1, "content_type": 10, "object_id": "170", "object_repr": "dev_profile - Fasting blood glucose - unit option", "action_flag": 2, "change_message": "[{\"changed\": {\"fields\": [\"color_hex\"]}}]"}}, {"model": "admin.logentry", "pk": 108, "fields": {"action_time": "2019-09-18T17:45:59.910Z", "user": 1, "content_type": 10, "object_id": "169", "object_repr": "dev_profile - Resting heart rate - unit option", "action_flag": 2, "change_message": "[{\"changed\": {\"fields\": [\"color_hex\"]}}]"}}, {"model": "admin.logentry", "pk": 109, "fields": {"action_time": "2019-09-18T17:51:54.313Z", "user": 1, "content_type": 10, "object_id": "168", "object_repr": "dev_profile - Blood cholesterol - unit option", "action_flag": 2, "change_message": "[{\"changed\": {\"fields\": [\"color_hex\"]}}]"}}, {"model": "admin.logentry", "pk": 110, "fields": {"action_time": "2019-09-19T07:17:10.385Z", "user": 1, "content_type": 10, "object_id": "170", "object_repr": "dev_profile - Fasting blood glucose - unit option", "action_flag": 2, "change_message": "[{\"changed\": {\"fields\": [\"color_hex\"]}}]"}}, {"model": "admin.logentry", "pk": 111, "fields": {"action_time": "2019-09-19T07:17:28.218Z", "user": 1, "content_type": 10, "object_id": "169", "object_repr": "dev_profile - Resting heart rate - unit option", "action_flag": 2, "change_message": "[{\"changed\": {\"fields\": [\"color_hex\"]}}]"}}, {"model": "admin.logentry", "pk": 112, "fields": {"action_time": "2019-09-19T07:17:44.396Z", "user": 1, "content_type": 10, "object_id": "168", "object_repr": "dev_profile - Blood cholesterol - unit option", "action_flag": 2, "change_message": "[{\"changed\": {\"fields\": [\"color_hex\"]}}]"}}, {"model": "admin.logentry", "pk": 113, "fields": {"action_time": "2019-09-19T07:18:01.220Z", "user": 1, "content_type": 10, "object_id": "168", "object_repr": "dev_profile - Blood cholesterol - unit option", "action_flag": 2, "change_message": "[{\"changed\": {\"fields\": [\"color_hex\"]}}]"}}, {"model": "admin.logentry", "pk": 114, "fields": {"action_time": "2019-09-20T19:54:17.392Z", "user": 1, "content_type": 8, "object_id": "8", "object_repr": "Fasting blood glucose", "action_flag": 2, "change_message": "[{\"changed\": {\"fields\": [\"upload_fields\"]}}]"}}, {"model": "admin.logentry", "pk": 115, "fields": {"action_time": "2019-09-20T21:34:27.496Z", "user": 1, "content_type": 10, "object_id": "170", "object_repr": "dev_profile - Fasting blood glucose - unit option", "action_flag": 2, "change_message": "[{\"changed\": {\"fields\": [\"color_hex\"]}}]"}}, {"model": "admin.logentry", "pk": 116, "fields": {"action_time": "2019-09-20T21:36:48.055Z", "user": 1, "content_type": 10, "object_id": "170", "object_repr": "dev_profile - Fasting blood glucose - unit option", "action_flag": 2, "change_message": "[{\"changed\": {\"fields\": [\"color_hex\"]}}]"}}, {"model": "admin.logentry", "pk": 117, "fields": {"action_time": "2019-09-20T21:54:55.326Z", "user": 1, "content_type": 10, "object_id": "170", "object_repr": "dev_profile - Fasting blood glucose - unit option", "action_flag": 2, "change_message": "[{\"changed\": {\"fields\": [\"color_hex\"]}}]"}}, {"model": "admin.logentry", "pk": 118, "fields": {"action_time": "2019-09-20T22:00:30.100Z", "user": 1, "content_type": 7, "object_id": "594", "object_repr": "dev_profile Fasting blood glucose at 2019-09-09", "action_flag": 3, "change_message": ""}}, {"model": "admin.logentry", "pk": 119, "fields": {"action_time": "2019-09-20T22:00:30.140Z", "user": 1, "content_type": 7, "object_id": "593", "object_repr": "dev_profile Fasting blood glucose at 2016-11-09", "action_flag": 3, "change_message": ""}}, {"model": "admin.logentry", "pk": 120, "fields": {"action_time": "2019-09-21T15:16:09.291Z", "user": 1, "content_type": 7, "object_id": "597", "object_repr": "dev_profile Fasting blood glucose at 2018-10-10", "action_flag": 3, "change_message": ""}}, {"model": "admin.logentry", "pk": 121, "fields": {"action_time": "2019-09-21T15:16:09.369Z", "user": 1, "content_type": 7, "object_id": "596", "object_repr": "dev_profile Fasting blood glucose at 2015-10-11", "action_flag": 3, "change_message": ""}}, {"model": "admin.logentry", "pk": 122, "fields": {"action_time": "2019-09-21T15:18:13.557Z", "user": 1, "content_type": 10, "object_id": "169", "object_repr": "dev_profile - Resting heart rate - unit option", "action_flag": 2, "change_message": "[{\"changed\": {\"fields\": [\"color_range_val_2\"]}}]"}}, {"model": "admin.logentry", "pk": 123, "fields": {"action_time": "2019-09-21T15:18:22.058Z", "user": 1, "content_type": 10, "object_id": "168", "object_repr": "dev_profile - Blood cholesterol - unit option", "action_flag": 2, "change_message": "[{\"changed\": {\"fields\": [\"color_range_val_2\"]}}]"}}, {"model": "admin.logentry", "pk": 124, "fields": {"action_time": "2019-09-21T15:18:25.738Z", "user": 1, "content_type": 10, "object_id": "161", "object_repr": "dev_profile - Body weight - unit option", "action_flag": 2, "change_message": "[{\"changed\": {\"fields\": [\"color_range_val_2\"]}}]"}}, {"model": "admin.logentry", "pk": 125, "fields": {"action_time": "2019-09-21T15:18:41.020Z", "user": 1, "content_type": 10, "object_id": "172", "object_repr": "dev_profile - Fasting blood glucose - unit option", "action_flag": 2, "change_message": "[{\"changed\": {\"fields\": [\"color_range_val_2\"]}}]"}}, {"model": "admin.logentry", "pk": 126, "fields": {"action_time": "2019-09-21T15:34:05.666Z", "user": 1, "content_type": 10, "object_id": "172", "object_repr": "dev_profile - Fasting blood glucose - unit option", "action_flag": 2, "change_message": "[]"}}, {"model": "admin.logentry", "pk": 127, "fields": {"action_time": "2019-09-21T15:34:18.435Z", "user": 1, "content_type": 7, "object_id": "598", "object_repr": "dev_profile Fasting blood glucose at 2015-10-09", "action_flag": 3, "change_message": ""}}, {"model": "admin.logentry", "pk": 128, "fields": {"action_time": "2019-09-22T20:14:22.779Z", "user": 1, "content_type": 10, "object_id": "155", "object_repr": "dev_profile - Blood pressure - unit option", "action_flag": 2, "change_message": "[{\"changed\": {\"fields\": [\"color_range_val_2\"]}}]"}}, {"model": "admin.logentry", "pk": 129, "fields": {"action_time": "2019-09-22T21:03:09.871Z", "user": 1, "content_type": 10, "object_id": "169", "object_repr": "dev_profile - Resting heart rate - unit option", "action_flag": 2, "change_message": "[{\"changed\": {\"fields\": [\"color_range_val_1\", \"color_range_val_2\"]}}]"}}, {"model": "admin.logentry", "pk": 130, "fields": {"action_time": "2019-09-22T21:03:20.056Z", "user": 1, "content_type": 10, "object_id": "161", "object_repr": "dev_profile - Body weight - unit option", "action_flag": 2, "change_message": "[{\"changed\": {\"fields\": [\"color_range_val_1\", \"color_range_val_2\"]}}]"}}, {"model": "admin.logentry", "pk": 131, "fields": {"action_time": "2019-09-22T22:19:30.793Z", "user": 1, "content_type": 10, "object_id": "168", "object_repr": "dev_profile - Blood cholesterol - unit option", "action_flag": 2, "change_message": "[{\"changed\": {\"fields\": [\"color_hex\"]}}]"}}, {"model": "admin.logentry", "pk": 132, "fields": {"action_time": "2019-09-24T21:47:07.672Z", "user": 1, "content_type": 10, "object_id": "6", "object_repr": "demo_profile - Blood pressure - unit option", "action_flag": 2, "change_message": "[{\"changed\": {\"fields\": [\"color_range_val_2\"]}}]"}}, {"model": "admin.logentry", "pk": 133, "fields": {"action_time": "2019-09-24T21:47:27.857Z", "user": 1, "content_type": 10, "object_id": "4", "object_repr": "demo_profile - Resting heart rate - unit option", "action_flag": 2, "change_message": "[{\"changed\": {\"fields\": [\"color_range_val_2\"]}}]"}}, {"model": "admin.logentry", "pk": 134, "fields": {"action_time": "2019-09-24T21:47:35.274Z", "user": 1, "content_type": 10, "object_id": "17", "object_repr": "paul2_profile - Blood cholesterol - unit option", "action_flag": 2, "change_message": "[{\"changed\": {\"fields\": [\"color_range_val_1\", \"color_range_val_2\"]}}]"}}, {"model": "admin.logentry", "pk": 135, "fields": {"action_time": "2019-09-24T23:18:09.259Z", "user": 1, "content_type": 10, "object_id": "212", "object_repr": "demo_399e2e4fc13f4659_profile - Resting heart rate - unit option", "action_flag": 3, "change_message": ""}}, {"model": "admin.logentry", "pk": 136, "fields": {"action_time": "2019-09-24T23:18:09.412Z", "user": 1, "content_type": 10, "object_id": "211", "object_repr": "demo_399e2e4fc13f4659_profile - Blood pressure - unit option", "action_flag": 3, "change_message": ""}}, {"model": "admin.logentry", "pk": 137, "fields": {"action_time": "2019-09-24T23:18:09.413Z", "user": 1, "content_type": 10, "object_id": "210", "object_repr": "demo_2feb04b8c0ba4683_profile - Resting heart rate - unit option", "action_flag": 3, "change_message": ""}}, {"model": "admin.logentry", "pk": 138, "fields": {"action_time": "2019-09-24T23:18:09.416Z", "user": 1, "content_type": 10, "object_id": "209", "object_repr": "demo_2feb04b8c0ba4683_profile - Blood pressure - unit option", "action_flag": 3, "change_message": ""}}, {"model": "admin.logentry", "pk": 139, "fields": {"action_time": "2019-09-24T23:18:09.419Z", "user": 1, "content_type": 10, "object_id": "208", "object_repr": "demo_e052ce4b1dff4c60_profile - Resting heart rate - unit option", "action_flag": 3, "change_message": ""}}, {"model": "admin.logentry", "pk": 140, "fields": {"action_time": "2019-09-24T23:18:09.423Z", "user": 1, "content_type": 10, "object_id": "207", "object_repr": "demo_e052ce4b1dff4c60_profile - Blood pressure - unit option", "action_flag": 3, "change_message": ""}}, {"model": "admin.logentry", "pk": 141, "fields": {"action_time": "2019-09-24T23:18:09.425Z", "user": 1, "content_type": 10, "object_id": "206", "object_repr": "demo_13792dd0bde54bcd_profile - Resting heart rate - unit option", "action_flag": 3, "change_message": ""}}, {"model": "admin.logentry", "pk": 142, "fields": {"action_time": "2019-09-24T23:18:09.428Z", "user": 1, "content_type": 10, "object_id": "205", "object_repr": "demo_13792dd0bde54bcd_profile - Blood pressure - unit option", "action_flag": 3, "change_message": ""}}, {"model": "admin.logentry", "pk": 143, "fields": {"action_time": "2019-09-24T23:18:09.430Z", "user": 1, "content_type": 10, "object_id": "204", "object_repr": "demo_c7080365b77a45cf_profile - Resting heart rate - unit option", "action_flag": 3, "change_message": ""}}, {"model": "admin.logentry", "pk": 144, "fields": {"action_time": "2019-09-24T23:18:09.432Z", "user": 1, "content_type": 10, "object_id": "203", "object_repr": "demo_c7080365b77a45cf_profile - Blood pressure - unit option", "action_flag": 3, "change_message": ""}}, {"model": "admin.logentry", "pk": 145, "fields": {"action_time": "2019-09-24T23:18:09.434Z", "user": 1, "content_type": 10, "object_id": "202", "object_repr": "demo_1db89634698e47e0_profile - Resting heart rate - unit option", "action_flag": 3, "change_message": ""}}, {"model": "admin.logentry", "pk": 146, "fields": {"action_time": "2019-09-24T23:18:09.436Z", "user": 1, "content_type": 10, "object_id": "201", "object_repr": "demo_1db89634698e47e0_profile - Blood pressure - unit option", "action_flag": 3, "change_message": ""}}, {"model": "admin.logentry", "pk": 147, "fields": {"action_time": "2019-09-24T23:18:09.438Z", "user": 1, "content_type": 10, "object_id": "200", "object_repr": "demo_67580763577a40d4_profile - Blood pressure - unit option", "action_flag": 3, "change_message": ""}}, {"model": "admin.logentry", "pk": 148, "fields": {"action_time": "2019-09-24T23:18:09.440Z", "user": 1, "content_type": 10, "object_id": "199", "object_repr": "demo_67580763577a40d4_profile - Resting heart rate - unit option", "action_flag": 3, "change_message": ""}}, {"model": "admin.logentry", "pk": 149, "fields": {"action_time": "2019-09-24T23:18:09.442Z", "user": 1, "content_type": 10, "object_id": "198", "object_repr": "demo_1509682654394f71_profile - Blood pressure - unit option", "action_flag": 3, "change_message": ""}}, {"model": "admin.logentry", "pk": 150, "fields": {"action_time": "2019-09-24T23:18:09.445Z", "user": 1, "content_type": 10, "object_id": "197", "object_repr": "demo_1509682654394f71_profile - Resting heart rate - unit option", "action_flag": 3, "change_message": ""}}, {"model": "admin.logentry", "pk": 151, "fields": {"action_time": "2019-09-24T23:18:09.448Z", "user": 1, "content_type": 10, "object_id": "196", "object_repr": "demo_4477ae746c584756_profile - Blood pressure - unit option", "action_flag": 3, "change_message": ""}}, {"model": "admin.logentry", "pk": 152, "fields": {"action_time": "2019-09-24T23:18:09.450Z", "user": 1, "content_type": 10, "object_id": "195", "object_repr": "demo_4477ae746c584756_profile - Resting heart rate - unit option", "action_flag": 3, "change_message": ""}}, {"model": "admin.logentry", "pk": 153, "fields": {"action_time": "2019-09-24T23:18:09.452Z", "user": 1, "content_type": 10, "object_id": "194", "object_repr": "demo_0de2a4b040114d88_profile - Blood pressure - unit option", "action_flag": 3, "change_message": ""}}, {"model": "admin.logentry", "pk": 154, "fields": {"action_time": "2019-09-24T23:18:09.454Z", "user": 1, "content_type": 10, "object_id": "193", "object_repr": "demo_0de2a4b040114d88_profile - Resting heart rate - unit option", "action_flag": 3, "change_message": ""}}, {"model": "admin.logentry", "pk": 155, "fields": {"action_time": "2019-09-24T23:18:09.457Z", "user": 1, "content_type": 10, "object_id": "192", "object_repr": "demo_0bffb6f062db4041_profile - Blood pressure - unit option", "action_flag": 3, "change_message": ""}}, {"model": "admin.logentry", "pk": 156, "fields": {"action_time": "2019-09-24T23:18:09.459Z", "user": 1, "content_type": 10, "object_id": "191", "object_repr": "demo_0bffb6f062db4041_profile - Resting heart rate - unit option", "action_flag": 3, "change_message": ""}}, {"model": "admin.logentry", "pk": 157, "fields": {"action_time": "2019-09-26T21:50:09.173Z", "user": 1, "content_type": 8, "object_id": "7", "object_repr": "Blood cholesterol", "action_flag": 2, "change_message": "[{\"changed\": {\"fields\": [\"ideal_info\"]}}]"}}, {"model": "admin.logentry", "pk": 158, "fields": {"action_time": "2019-09-26T21:50:54.521Z", "user": 1, "content_type": 8, "object_id": "3", "object_repr": "Blood pressure", "action_flag": 2, "change_message": "[{\"changed\": {\"fields\": [\"ideal_info\", \"ideal_info_url\"]}}]"}}, {"model": "admin.logentry", "pk": 159, "fields": {"action_time": "2019-09-28T21:59:45.130Z", "user": 1, "content_type": 10, "object_id": "215", "object_repr": "paul2_profile - Fasting blood glucose - unit option", "action_flag": 3, "change_message": ""}}, {"model": "admin.logentry", "pk": 160, "fields": {"action_time": "2019-09-28T22:22:24.107Z", "user": 1, "content_type": 10, "object_id": "216", "object_repr": "paul2_profile - Fasting blood glucose - unit option", "action_flag": 3, "change_message": ""}}, {"model": "admin.logentry", "pk": 161, "fields": {"action_time": "2019-09-29T18:01:41.964Z", "user": 1, "content_type": 10, "object_id": "217", "object_repr": "paul2_profile - Fasting blood glucose - unit option", "action_flag": 3, "change_message": ""}}, {"model": "admin.logentry", "pk": 162, "fields": {"action_time": "2019-09-29T22:07:25.313Z", "user": 1, "content_type": 8, "object_id": "8", "object_repr": "Fasting blood glucose", "action_flag": 2, "change_message": "[]"}}, {"model": "admin.logentry", "pk": 163, "fields": {"action_time": "2019-09-29T22:21:36.967Z", "user": 1, "content_type": 8, "object_id": "9", "object_repr": "C-reactive protein", "action_flag": 1, "change_message": "[{\"added\": {}}]"}}, {"model": "admin.logentry", "pk": 164, "fields": {"action_time": "2019-09-29T22:48:17.787Z", "user": 1, "content_type": 8, "object_id": "9", "object_repr": "C-reactive protein", "action_flag": 3, "change_message": ""}}, {"model": "admin.logentry", "pk": 165, "fields": {"action_time": "2019-09-29T22:51:21.434Z", "user": 1, "content_type": 8, "object_id": "10", "object_repr": "C-reactive protein", "action_flag": 1, "change_message": "[{\"added\": {}}]"}}, {"model": "admin.logentry", "pk": 166, "fields": {"action_time": "2019-09-30T21:28:04.539Z", "user": 1, "content_type": 11, "object_id": "6", "object_repr": "mmol per litre", "action_flag": 2, "change_message": "[]"}}, {"model": "admin.logentry", "pk": 167, "fields": {"action_time": "2019-09-30T21:46:12.049Z", "user": 1, "content_type": 11, "object_id": "3", "object_repr": "Millimetre of mercury", "action_flag": 2, "change_message": "[]"}}, {"model": "admin.logentry", "pk": 168, "fields": {"action_time": "2019-09-30T21:46:17.445Z", "user": 1, "content_type": 11, "object_id": "3", "object_repr": "Millimetre of mercury", "action_flag": 2, "change_message": "[]"}}, {"model": "admin.logentry", "pk": 169, "fields": {"action_time": "2019-09-30T21:52:26.641Z", "user": 1, "content_type": 8, "object_id": "10", "object_repr": "C-reactive protein", "action_flag": 3, "change_message": ""}}, {"model": "admin.logentry", "pk": 170, "fields": {"action_time": "2019-09-30T22:15:52.150Z", "user": 1, "content_type": 8, "object_id": "13", "object_repr": "C-reactive protein", "action_flag": 1, "change_message": "[{\"added\": {}}]"}}, {"model": "admin.logentry", "pk": 171, "fields": {"action_time": "2019-09-30T22:16:53.823Z", "user": 1, "content_type": 8, "object_id": "13", "object_repr": "C-reactive protein", "action_flag": 3, "change_message": ""}}, {"model": "admin.logentry", "pk": 172, "fields": {"action_time": "2019-09-30T22:17:19.863Z", "user": 1, "content_type": 8, "object_id": "14", "object_repr": "C-reactive protein", "action_flag": 1, "change_message": "[{\"added\": {}}]"}}, {"model": "admin.logentry", "pk": 173, "fields": {"action_time": "2019-09-30T22:24:10.098Z", "user": 1, "content_type": 11, "object_id": "5", "object_repr": "Milligrams per decilitre", "action_flag": 2, "change_message": "[]"}}, {"model": "admin.logentry", "pk": 174, "fields": {"action_time": "2019-09-30T23:32:52.901Z", "user": 1, "content_type": 7, "object_id": "730", "object_repr": "paul3_profile Fasting blood glucose at 2015-10-09", "action_flag": 3, "change_message": ""}}, {"model": "admin.logentry", "pk": 175, "fields": {"action_time": "2019-10-02T20:06:05.487Z", "user": 1, "content_type": 14, "object_id": "1", "object_repr": "Bookmark object (1)", "action_flag": 1, "change_message": "[{\"added\": {}}]"}}, {"model": "admin.logentry", "pk": 176, "fields": {"action_time": "2019-10-02T20:07:21.180Z", "user": 1, "content_type": 14, "object_id": "2", "object_repr": "Bookmark object (2)", "action_flag": 1, "change_message": "[{\"added\": {}}]"}}, {"model": "admin.logentry", "pk": 177, "fields": {"action_time": "2019-10-02T20:49:18.077Z", "user": 1, "content_type": 14, "object_id": "1", "object_repr": "paul3_profile - Test bookmark number 1", "action_flag": 2, "change_message": "[{\"changed\": {\"fields\": [\"param_name\"]}}]"}}, {"model": "admin.logentry", "pk": 178, "fields": {"action_time": "2019-10-02T20:49:31.917Z", "user": 1, "content_type": 14, "object_id": "2", "object_repr": "paul3_profile - East boasark number 2", "action_flag": 2, "change_message": "[{\"changed\": {\"fields\": [\"param_name\"]}}]"}}, {"model": "admin.logentry", "pk": 179, "fields": {"action_time": "2019-10-02T20:50:46.970Z", "user": 1, "content_type": 14, "object_id": "3", "object_repr": "paul3_profile - Niolot kollink punber 3", "action_flag": 1, "change_message": "[{\"added\": {}}]"}}, {"model": "admin.logentry", "pk": 180, "fields": {"action_time": "2019-10-03T22:50:21.871Z", "user": 1, "content_type": 14, "object_id": "3", "object_repr": "paul3_profile - Niolot kollink punber 3", "action_flag": 2, "change_message": "[{\"changed\": {\"fields\": [\"url\"]}}]"}}, {"model": "admin.logentry", "pk": 181, "fields": {"action_time": "2019-10-05T22:06:58.653Z", "user": 1, "content_type": 8, "object_id": "20", "object_repr": "Body weight", "action_flag": 1, "change_message": "[{\"added\": {}}]"}}, {"model": "admin.logentry", "pk": 182, "fields": {"action_time": "2019-10-05T22:28:30.488Z", "user": 1, "content_type": 14, "object_id": "4", "object_repr": "paul3_profile - Test bookmark number 1", "action_flag": 1, "change_message": "[{\"added\": {}}]"}}, {"model": "admin.logentry", "pk": 183, "fields": {"action_time": "2019-10-05T22:28:55.330Z", "user": 1, "content_type": 14, "object_id": "5", "object_repr": "paul3_profile - East boasark number 2", "action_flag": 1, "change_message": "[{\"added\": {}}]"}}, {"model": "admin.logentry", "pk": 184, "fields": {"action_time": "2019-10-05T22:29:18.530Z", "user": 1, "content_type": 14, "object_id": "6", "object_repr": "paul3_profile - Mixlcoud Test 23", "action_flag": 1, "change_message": "[{\"added\": {}}]"}}, {"model": "admin.logentry", "pk": 185, "fields": {"action_time": "2019-10-05T22:29:35.210Z", "user": 1, "content_type": 14, "object_id": "7", "object_repr": "paul3_profile - Niolot kollink punber 3", "action_flag": 1, "change_message": "[{\"added\": {}}]"}}, {"model": "admin.logentry", "pk": 186, "fields": {"action_time": "2019-10-05T22:32:51.358Z", "user": 1, "content_type": 11, "object_id": "18", "object_repr": "Kilogram", "action_flag": 1, "change_message": "[{\"added\": {}}]"}}, {"model": "admin.logentry", "pk": 187, "fields": {"action_time": "2019-10-05T22:33:34.410Z", "user": 1, "content_type": 11, "object_id": "19", "object_repr": "Pounds", "action_flag": 1, "change_message": "[{\"added\": {}}]"}}, {"model": "admin.logentry", "pk": 188, "fields": {"action_time": "2019-10-05T22:43:55.301Z", "user": 1, "content_type": 14, "object_id": "8", "object_repr": "paul3_profile - Tseseseud Test 5454", "action_flag": 1, "change_message": "[{\"added\": {}}]"}}, {"model": "admin.logentry", "pk": 189, "fields": {"action_time": "2019-10-05T22:48:15.832Z", "user": 1, "content_type": 14, "object_id": "9", "object_repr": "paul3_profile - Test bookmark nu34", "action_flag": 1, "change_message": "[{\"added\": {}}]"}}, {"model": "admin.logentry", "pk": 190, "fields": {"action_time": "2019-10-05T22:48:31.363Z", "user": 1, "content_type": 14, "object_id": "10", "object_repr": "paul3_profile - Resseud Test 5454", "action_flag": 1, "change_message": "[{\"added\": {}}]"}}, {"model": "admin.logentry", "pk": 191, "fields": {"action_time": "2019-10-05T22:51:04.362Z", "user": 1, "content_type": 14, "object_id": "11", "object_repr": "paul3_profile - Resrsfdssdf 3434 asdf", "action_flag": 1, "change_message": "[{\"added\": {}}]"}}, {"model": "admin.logentry", "pk": 192, "fields": {"action_time": "2019-10-05T22:52:04.015Z", "user": 1, "content_type": 14, "object_id": "12", "object_repr": "paul3_profile - Test Yesmark aweu34", "action_flag": 1, "change_message": "[{\"added\": {}}]"}}, {"model": "admin.logentry", "pk": 193, "fields": {"action_time": "2019-10-05T22:54:38.321Z", "user": 1, "content_type": 14, "object_id": "13", "object_repr": "paul3_profile - Test bookmark number 1", "action_flag": 1, "change_message": "[{\"added\": {}}]"}}, {"model": "admin.logentry", "pk": 194, "fields": {"action_time": "2019-10-17T19:13:55.016Z", "user": 1, "content_type": 6, "object_id": "86", "object_repr": "demo_0bffb6f062db4041", "action_flag": 3, "change_message": ""}}, {"model": "admin.logentry", "pk": 195, "fields": {"action_time": "2019-10-17T19:13:55.078Z", "user": 1, "content_type": 6, "object_id": "87", "object_repr": "demo_0de2a4b040114d88", "action_flag": 3, "change_message": ""}}, {"model": "admin.logentry", "pk": 196, "fields": {"action_time": "2019-10-17T19:13:55.084Z", "user": 1, "content_type": 6, "object_id": "93", "object_repr": "demo_13792dd0bde54bcd", "action_flag": 3, "change_message": ""}}, {"model": "admin.logentry", "pk": 197, "fields": {"action_time": "2019-10-17T19:13:55.089Z", "user": 1, "content_type": 6, "object_id": "89", "object_repr": "demo_1509682654394f71", "action_flag": 3, "change_message": ""}}, {"model": "admin.logentry", "pk": 198, "fields": {"action_time": "2019-10-17T19:13:55.094Z", "user": 1, "content_type": 6, "object_id": "91", "object_repr": "demo_1db89634698e47e0", "action_flag": 3, "change_message": ""}}, {"model": "admin.logentry", "pk": 199, "fields": {"action_time": "2019-10-17T19:13:55.097Z", "user": 1, "content_type": 6, "object_id": "99", "object_repr": "demo_29f1e711723c4649", "action_flag": 3, "change_message": ""}}, {"model": "admin.logentry", "pk": 200, "fields": {"action_time": "2019-10-17T19:13:55.103Z", "user": 1, "content_type": 6, "object_id": "95", "object_repr": "demo_2feb04b8c0ba4683", "action_flag": 3, "change_message": ""}}, {"model": "admin.logentry", "pk": 201, "fields": {"action_time": "2019-10-17T19:13:55.108Z", "user": 1, "content_type": 6, "object_id": "96", "object_repr": "demo_399e2e4fc13f4659", "action_flag": 3, "change_message": ""}}, {"model": "admin.logentry", "pk": 202, "fields": {"action_time": "2019-10-17T19:13:55.111Z", "user": 1, "content_type": 6, "object_id": "88", "object_repr": "demo_4477ae746c584756", "action_flag": 3, "change_message": ""}}, {"model": "admin.logentry", "pk": 203, "fields": {"action_time": "2019-10-17T19:13:55.115Z", "user": 1, "content_type": 6, "object_id": "90", "object_repr": "demo_67580763577a40d4", "action_flag": 3, "change_message": ""}}, {"model": "admin.logentry", "pk": 204, "fields": {"action_time": "2019-10-17T19:13:55.120Z", "user": 1, "content_type": 6, "object_id": "98", "object_repr": "demo_7bdff92bacd74b73", "action_flag": 3, "change_message": ""}}, {"model": "admin.logentry", "pk": 205, "fields": {"action_time": "2019-10-17T19:13:55.124Z", "user": 1, "content_type": 6, "object_id": "97", "object_repr": "demo_afe44304057e4090", "action_flag": 3, "change_message": ""}}, {"model": "admin.logentry", "pk": 206, "fields": {"action_time": "2019-10-17T19:13:55.127Z", "user": 1, "content_type": 6, "object_id": "92", "object_repr": "demo_c7080365b77a45cf", "action_flag": 3, "change_message": ""}}, {"model": "admin.logentry", "pk": 207, "fields": {"action_time": "2019-10-17T19:13:55.130Z", "user": 1, "content_type": 6, "object_id": "94", "object_repr": "demo_e052ce4b1dff4c60", "action_flag": 3, "change_message": ""}}, {"model": "admin.logentry", "pk": 208, "fields": {"action_time": "2019-10-17T19:13:55.135Z", "user": 1, "content_type": 6, "object_id": "100", "object_repr": "paul4", "action_flag": 3, "change_message": ""}}, {"model": "admin.logentry", "pk": 209, "fields": {"action_time": "2019-10-17T19:13:55.139Z", "user": 1, "content_type": 6, "object_id": "101", "object_repr": "paul5", "action_flag": 3, "change_message": ""}}, {"model": "admin.logentry", "pk": 210, "fields": {"action_time": "2019-10-17T19:13:55.141Z", "user": 1, "content_type": 6, "object_id": "102", "object_repr": "paul6", "action_flag": 3, "change_message": ""}}, {"model": "admin.logentry", "pk": 211, "fields": {"action_time": "2019-10-19T15:51:52.480Z", "user": 1, "content_type": 15, "object_id": "1", "object_repr": "ProfileParameterLink object (1)", "action_flag": 1, "change_message": "[{\"added\": {}}]"}}, {"model": "admin.logentry", "pk": 212, "fields": {"action_time": "2019-10-20T12:37:50.901Z", "user": 1, "content_type": 15, "object_id": "1", "object_repr": "ParamLink (1) for demo_profile", "action_flag": 2, "change_message": "[]"}}, {"model": "admin.logentry", "pk": 213, "fields": {"action_time": "2019-10-20T21:20:31.173Z", "user": 1, "content_type": 15, "object_id": "1", "object_repr": "ParamLink (1) for demo_profile", "action_flag": 2, "change_message": "[{\"changed\": {\"fields\": [\"parameters\"]}}]"}}, {"model": "admin.logentry", "pk": 214, "fields": {"action_time": "2019-10-20T21:21:09.071Z", "user": 1, "content_type": 15, "object_id": "1", "object_repr": "ParamLink (1) for demo_profile", "action_flag": 2, "change_message": "[{\"changed\": {\"fields\": [\"parameters\"]}}]"}}, {"model": "admin.logentry", "pk": 215, "fields": {"action_time": "2019-10-21T18:31:13.007Z", "user": 1, "content_type": 15, "object_id": "1", "object_repr": "ParamLink (1) for demo_profile", "action_flag": 2, "change_message": "[{\"changed\": {\"fields\": [\"parameters\"]}}]"}}, {"model": "admin.logentry", "pk": 216, "fields": {"action_time": "2019-10-21T22:50:28.724Z", "user": 1, "content_type": 15, "object_id": "1", "object_repr": "ParamLink (1) for demo_profile", "action_flag": 2, "change_message": "[{\"changed\": {\"fields\": [\"parameters\"]}}]"}}, {"model": "admin.logentry", "pk": 217, "fields": {"action_time": "2019-10-21T23:22:36.045Z", "user": 1, "content_type": 15, "object_id": "1", "object_repr": "ParamLink (1) for demo_profile", "action_flag": 2, "change_message": "[{\"changed\": {\"fields\": [\"parameters\"]}}]"}}, {"model": "admin.logentry", "pk": 218, "fields": {"action_time": "2019-10-24T21:19:16.636Z", "user": 1, "content_type": 10, "object_id": "243", "object_repr": "demo_profile - Resting heart rate - unit option", "action_flag": 2, "change_message": "[{\"changed\": {\"fields\": [\"linked_parameter\"]}}]"}}, {"model": "admin.logentry", "pk": 219, "fields": {"action_time": "2019-10-24T22:21:41.173Z", "user": 1, "content_type": 10, "object_id": "245", "object_repr": "demo_profile - Fasting blood glucose - unit option", "action_flag": 2, "change_message": "[{\"changed\": {\"fields\": [\"linked_parameter\"]}}]"}}, {"model": "admin.logentry", "pk": 220, "fields": {"action_time": "2019-10-24T22:22:24.169Z", "user": 1, "content_type": 10, "object_id": "244", "object_repr": "demo_profile - Blood cholesterol - unit option", "action_flag": 2, "change_message": "[{\"changed\": {\"fields\": [\"linked_parameter\"]}}]"}}, {"model": "admin.logentry", "pk": 221, "fields": {"action_time": "2019-10-24T23:08:33.996Z", "user": 1, "content_type": 10, "object_id": "244", "object_repr": "demo_profile - Blood cholesterol - unit option", "action_flag": 2, "change_message": "[{\"changed\": {\"fields\": [\"linked_parameter\"]}}]"}}, {"model": "admin.logentry", "pk": 222, "fields": {"action_time": "2019-10-24T23:10:22.926Z", "user": 1, "content_type": 10, "object_id": "244", "object_repr": "demo_profile - Blood cholesterol - unit option", "action_flag": 2, "change_message": "[{\"changed\": {\"fields\": [\"linked_parameter\"]}}]"}}, {"model": "admin.logentry", "pk": 223, "fields": {"action_time": "2019-10-24T23:12:55.630Z", "user": 1, "content_type": 10, "object_id": "244", "object_repr": "demo_profile - Blood cholesterol - unit option", "action_flag": 2, "change_message": "[{\"changed\": {\"fields\": [\"linked_parameter\"]}}]"}}, {"model": "admin.logentry", "pk": 224, "fields": {"action_time": "2019-10-25T07:14:33.344Z", "user": 1, "content_type": 10, "object_id": "244", "object_repr": "demo_profile - Blood cholesterol - unit option", "action_flag": 2, "change_message": "[{\"changed\": {\"fields\": [\"linked_parameter\"]}}]"}}, {"model": "admin.logentry", "pk": 225, "fields": {"action_time": "2019-10-25T07:17:00.566Z", "user": 1, "content_type": 10, "object_id": "244", "object_repr": "demo_profile - Blood cholesterol - unit option", "action_flag": 2, "change_message": "[{\"changed\": {\"fields\": [\"linked_parameter\"]}}]"}}, {"model": "admin.logentry", "pk": 226, "fields": {"action_time": "2019-10-25T07:32:03.007Z", "user": 1, "content_type": 10, "object_id": "244", "object_repr": "demo_profile - Blood cholesterol - unit option", "action_flag": 2, "change_message": "[{\"changed\": {\"fields\": [\"linked_parameter\"]}}]"}}, {"model": "admin.logentry", "pk": 227, "fields": {"action_time": "2019-10-27T10:54:54.861Z", "user": 1, "content_type": 6, "object_id": "105", "object_repr": "paul6", "action_flag": 3, "change_message": ""}}, {"model": "admin.logentry", "pk": 228, "fields": {"action_time": "2019-10-27T10:55:36.116Z", "user": 1, "content_type": 6, "object_id": "107", "object_repr": "paul6", "action_flag": 3, "change_message": ""}}, {"model": "admin.logentry", "pk": 229, "fields": {"action_time": "2019-10-27T11:00:00.216Z", "user": 1, "content_type": 6, "object_id": "109", "object_repr": "paul6", "action_flag": 3, "change_message": ""}}, {"model": "admin.logentry", "pk": 230, "fields": {"action_time": "2019-10-27T11:01:15.213Z", "user": 1, "content_type": 6, "object_id": "111", "object_repr": "paul6", "action_flag": 3, "change_message": ""}}, {"model": "admin.logentry", "pk": 231, "fields": {"action_time": "2019-10-27T11:30:18.592Z", "user": 1, "content_type": 6, "object_id": "113", "object_repr": "paul6", "action_flag": 3, "change_message": ""}}, {"model": "admin.logentry", "pk": 232, "fields": {"action_time": "2019-10-27T11:30:18.608Z", "user": 1, "content_type": 6, "object_id": "117", "object_repr": "paul8", "action_flag": 3, "change_message": ""}}, {"model": "admin.logentry", "pk": 233, "fields": {"action_time": "2019-10-27T11:30:18.608Z", "user": 1, "content_type": 6, "object_id": "115", "object_repr": "paul9", "action_flag": 3, "change_message": ""}}, {"model": "admin.logentry", "pk": 234, "fields": {"action_time": "2019-10-27T11:30:40.216Z", "user": 1, "content_type": 6, "object_id": "103", "object_repr": "demo_e1d779d6d1444fe2", "action_flag": 3, "change_message": ""}}, {"model": "admin.logentry", "pk": 235, "fields": {"action_time": "2019-10-27T11:41:57.443Z", "user": 1, "content_type": 6, "object_id": "119", "object_repr": "paul6", "action_flag": 3, "change_message": ""}}, {"model": "admin.logentry", "pk": 236, "fields": {"action_time": "2019-10-27T11:52:33.643Z", "user": 1, "content_type": 9, "object_id": "104", "object_repr": "paul7_profile", "action_flag": 3, "change_message": ""}}, {"model": "admin.logentry", "pk": 237, "fields": {"action_time": "2019-10-27T11:52:33.674Z", "user": 1, "content_type": 9, "object_id": "103", "object_repr": "paul6_profile", "action_flag": 3, "change_message": ""}}, {"model": "admin.logentry", "pk": 238, "fields": {"action_time": "2019-10-27T11:52:33.674Z", "user": 1, "content_type": 9, "object_id": "102", "object_repr": "demo_1ce857f1448f45b7_profile", "action_flag": 3, "change_message": ""}}, {"model": "admin.logentry", "pk": 239, "fields": {"action_time": "2019-10-27T11:52:54.089Z", "user": 1, "content_type": 6, "object_id": "120", "object_repr": "paul6", "action_flag": 3, "change_message": ""}}, {"model": "admin.logentry", "pk": 240, "fields": {"action_time": "2019-10-27T11:52:54.105Z", "user": 1, "content_type": 6, "object_id": "121", "object_repr": "paul7", "action_flag": 3, "change_message": ""}}, {"model": "admin.logentry", "pk": 241, "fields": {"action_time": "2019-10-27T11:57:28.125Z", "user": 1, "content_type": 6, "object_id": "124", "object_repr": "paul11", "action_flag": 3, "change_message": ""}}, {"model": "admin.logentry", "pk": 242, "fields": {"action_time": "2019-10-27T11:57:28.188Z", "user": 1, "content_type": 6, "object_id": "122", "object_repr": "paul8", "action_flag": 3, "change_message": ""}}, {"model": "admin.logentry", "pk": 243, "fields": {"action_time": "2019-10-27T11:57:28.188Z", "user": 1, "content_type": 6, "object_id": "123", "object_repr": "paul9", "action_flag": 3, "change_message": ""}}, {"model": "admin.logentry", "pk": 244, "fields": {"action_time": "2019-10-27T12:40:46.984Z", "user": 1, "content_type": 6, "object_id": "126", "object_repr": "paul44", "action_flag": 3, "change_message": ""}}, {"model": "admin.logentry", "pk": 245, "fields": {"action_time": "2019-10-27T12:40:47.031Z", "user": 1, "content_type": 6, "object_id": "125", "object_repr": "paul9", "action_flag": 3, "change_message": ""}}, {"model": "admin.logentry", "pk": 246, "fields": {"action_time": "2019-10-27T12:40:55.060Z", "user": 1, "content_type": 6, "object_id": "127", "object_repr": "paul33", "action_flag": 3, "change_message": ""}}, {"model": "admin.logentry", "pk": 247, "fields": {"action_time": "2019-10-27T12:40:55.091Z", "user": 1, "content_type": 6, "object_id": "128", "object_repr": "paul4", "action_flag": 3, "change_message": ""}}, {"model": "admin.logentry", "pk": 248, "fields": {"action_time": "2019-10-27T12:41:19.543Z", "user": 1, "content_type": 6, "object_id": "104", "object_repr": "demo_1ce857f1448f45b7", "action_flag": 3, "change_message": ""}}, {"model": "admin.logentry", "pk": 249, "fields": {"action_time": "2019-10-27T13:36:52.421Z", "user": 1, "content_type": 6, "object_id": "129", "object_repr": "demo_4c0ecae5c0a64a97", "action_flag": 3, "change_message": ""}}, {"model": "admin.logentry", "pk": 250, "fields": {"action_time": "2019-10-27T13:36:52.484Z", "user": 1, "content_type": 6, "object_id": "131", "object_repr": "paul444", "action_flag": 3, "change_message": ""}}, {"model": "admin.logentry", "pk": 251, "fields": {"action_time": "2019-10-27T13:36:52.484Z", "user": 1, "content_type": 6, "object_id": "130", "object_repr": "paul54", "action_flag": 3, "change_message": ""}}, {"model": "admin.logentry", "pk": 252, "fields": {"action_time": "2019-10-27T13:36:52.484Z", "user": 1, "content_type": 6, "object_id": "132", "object_repr": "SDFSFDSAD", "action_flag": 3, "change_message": ""}}, {"model": "admin.logentry", "pk": 253, "fields": {"action_time": "2019-10-27T21:01:06.854Z", "user": 1, "content_type": 10, "object_id": "248", "object_repr": "demo_profile - Test custom - unit option", "action_flag": 3, "change_message": ""}}, {"model": "admin.logentry", "pk": 254, "fields": {"action_time": "2019-10-27T21:17:11.331Z", "user": 1, "content_type": 7, "object_id": "887", "object_repr": "demo_profile Test custom at 2015-10-09", "action_flag": 3, "change_message": ""}}, {"model": "admin.logentry", "pk": 255, "fields": {"action_time": "2019-10-27T21:18:41.871Z", "user": 1, "content_type": 7, "object_id": "974", "object_repr": "demo_56837ff61f0c408e_profile Test custom at 2016-10-09", "action_flag": 3, "change_message": ""}}, {"model": "admin.logentry", "pk": 256, "fields": {"action_time": "2019-10-27T21:19:05.091Z", "user": 1, "content_type": 7, "object_id": "1021", "object_repr": "demo_2946f8dcd01a4982_profile Test custom at 2016-10-09", "action_flag": 3, "change_message": ""}}, {"model": "admin.logentry", "pk": 257, "fields": {"action_time": "2019-10-27T21:20:48.989Z", "user": 1, "content_type": 8, "object_id": "21", "object_repr": "Test custom", "action_flag": 3, "change_message": ""}}, {"model": "admin.logentry", "pk": 258, "fields": {"action_time": "2019-10-27T21:25:07.841Z", "user": 1, "content_type": 6, "object_id": "137", "object_repr": "demo_320c3072c39d4409", "action_flag": 3, "change_message": ""}}, {"model": "admin.logentry", "pk": 259, "fields": {"action_time": "2019-10-28T08:15:46.044Z", "user": 1, "content_type": 9, "object_id": "7", "object_repr": "demo_profile", "action_flag": 2, "change_message": "[{\"changed\": {\"fields\": [\"height\"]}}]"}}, {"model": "admin.logentry", "pk": 260, "fields": {"action_time": "2019-10-28T08:15:46.248Z", "user": 1, "content_type": 9, "object_id": "7", "object_repr": "demo_profile", "action_flag": 2, "change_message": "[]"}}, {"model": "admin.logentry", "pk": 261, "fields": {"action_time": "2019-10-28T08:27:06.434Z", "user": 1, "content_type": 9, "object_id": "7", "object_repr": "demo_profile", "action_flag": 2, "change_message": "[]"}}, {"model": "admin.logentry", "pk": 262, "fields": {"action_time": "2019-10-28T08:27:22.013Z", "user": 1, "content_type": 9, "object_id": "7", "object_repr": "demo_profile", "action_flag": 2, "change_message": "[{\"changed\": {\"fields\": [\"gender\"]}}]"}}, {"model": "admin.logentry", "pk": 263, "fields": {"action_time": "2019-10-28T08:27:28.070Z", "user": 1, "content_type": 9, "object_id": "7", "object_repr": "demo_profile", "action_flag": 2, "change_message": "[{\"changed\": {\"fields\": [\"gender\"]}}]"}}, {"model": "admin.logentry", "pk": 264, "fields": {"action_time": "2019-10-28T08:28:24.680Z", "user": 1, "content_type": 9, "object_id": "7", "object_repr": "demo_profile", "action_flag": 2, "change_message": "[{\"changed\": {\"fields\": [\"height\"]}}]"}}, {"model": "admin.logentry", "pk": 265, "fields": {"action_time": "2019-10-28T08:37:35.730Z", "user": 1, "content_type": 9, "object_id": "7", "object_repr": "demo_profile", "action_flag": 2, "change_message": "[]"}}, {"model": "admin.logentry", "pk": 266, "fields": {"action_time": "2019-10-28T19:25:25.292Z", "user": 1, "content_type": 9, "object_id": "7", "object_repr": "demo_profile", "action_flag": 2, "change_message": "[{\"changed\": {\"fields\": [\"birth_year\", \"height\"]}}]"}}, {"model": "admin.logentry", "pk": 267, "fields": {"action_time": "2019-10-28T19:29:38.692Z", "user": 1, "content_type": 8, "object_id": "23", "object_repr": "cust2m", "action_flag": 3, "change_message": ""}}, {"model": "admin.logentry", "pk": 268, "fields": {"action_time": "2019-10-30T19:12:20.842Z", "user": 1, "content_type": 9, "object_id": "2", "object_repr": "paul2_profile", "action_flag": 2, "change_message": "[{\"changed\": {\"fields\": [\"email_confirmed\"]}}]"}}, {"model": "admin.logentry", "pk": 269, "fields": {"action_time": "2019-10-31T23:05:40.833Z", "user": 1, "content_type": 9, "object_id": "35", "object_repr": "paul3_profile", "action_flag": 2, "change_message": "[{\"changed\": {\"fields\": [\"email_confirmed\"]}}]"}}, {"model": "admin.logentry", "pk": 270, "fields": {"action_time": "2019-10-31T23:28:59.085Z", "user": 1, "content_type": 6, "object_id": "37", "object_repr": "paul3", "action_flag": 2, "change_message": "[{\"changed\": {\"fields\": [\"email\"]}}]"}}, {"model": "admin.logentry", "pk": 271, "fields": {"action_time": "2019-11-01T19:10:16.663Z", "user": 1, "content_type": 9, "object_id": "35", "object_repr": "paul3_profile", "action_flag": 2, "change_message": "[{\"changed\": {\"fields\": [\"birth_year\"]}}]"}}, {"model": "admin.logentry", "pk": 272, "fields": {"action_time": "2019-11-01T19:11:58.982Z", "user": 1, "content_type": 9, "object_id": "35", "object_repr": "paul3_profile", "action_flag": 2, "change_message": "[{\"changed\": {\"fields\": [\"birth_year\"]}}]"}}, {"model": "admin.logentry", "pk": 273, "fields": {"action_time": "2019-11-01T19:21:28.609Z", "user": 1, "content_type": 9, "object_id": "35", "object_repr": "paul3_profile", "action_flag": 2, "change_message": "[{\"changed\": {\"fields\": [\"email_confirmed\"]}}]"}}, {"model": "admin.logentry", "pk": 274, "fields": {"action_time": "2019-11-01T21:05:40.590Z", "user": 1, "content_type": 6, "object_id": "2", "object_repr": "paul2", "action_flag": 2, "change_message": "[{\"changed\": {\"fields\": [\"email\"]}}]"}}, {"model": "admin.logentry", "pk": 275, "fields": {"action_time": "2019-11-01T21:06:40.911Z", "user": 1, "content_type": 6, "object_id": "138", "object_repr": "testreg", "action_flag": 3, "change_message": ""}}, {"model": "admin.logentry", "pk": 276, "fields": {"action_time": "2019-11-02T13:14:46.907Z", "user": 1, "content_type": 9, "object_id": "35", "object_repr": "paul3_profile", "action_flag": 2, "change_message": "[{\"changed\": {\"fields\": [\"email_confirmed\"]}}]"}}, {"model": "admin.logentry", "pk": 277, "fields": {"action_time": "2019-11-02T17:37:56.498Z", "user": 1, "content_type": 9, "object_id": "35", "object_repr": "paul3_profile", "action_flag": 2, "change_message": "[{\"changed\": {\"fields\": [\"email_confirmed\"]}}]"}}, {"model": "admin.logentry", "pk": 278, "fields": {"action_time": "2019-11-02T19:22:10.789Z", "user": 1, "content_type": 9, "object_id": "35", "object_repr": "paul3_profile", "action_flag": 2, "change_message": "[{\"changed\": {\"fields\": [\"email_confirmed\"]}}]"}}, {"model": "admin.logentry", "pk": 279, "fields": {"action_time": "2019-11-02T21:35:21.387Z", "user": 1, "content_type": 9, "object_id": "35", "object_repr": "paul3_profile", "action_flag": 2, "change_message": "[{\"changed\": {\"fields\": [\"email_confirmed\"]}}]"}}, {"model": "admin.logentry", "pk": 280, "fields": {"action_time": "2019-11-02T21:37:21.922Z", "user": 1, "content_type": 9, "object_id": "35", "object_repr": "paul3_profile", "action_flag": 2, "change_message": "[{\"changed\": {\"fields\": [\"email_confirmed\"]}}]"}}, {"model": "admin.logentry", "pk": 281, "fields": {"action_time": "2019-11-02T21:37:54.971Z", "user": 1, "content_type": 9, "object_id": "35", "object_repr": "paul3_profile", "action_flag": 2, "change_message": "[{\"changed\": {\"fields\": [\"email_confirmed\"]}}]"}}, {"model": "admin.logentry", "pk": 282, "fields": {"action_time": "2019-11-03T00:24:42.458Z", "user": 1, "content_type": 9, "object_id": "35", "object_repr": "paul3_profile", "action_flag": 2, "change_message": "[{\"changed\": {\"fields\": [\"email_confirmed\"]}}]"}}, {"model": "admin.logentry", "pk": 283, "fields": {"action_time": "2019-11-03T12:21:25.302Z", "user": 1, "content_type": 16, "object_id": "None", "object_repr": "ProfileShare: paul3_profile - paul_profile", "action_flag": 1, "change_message": "[{\"added\": {}}]"}}, {"model": "admin.logentry", "pk": 284, "fields": {"action_time": "2019-11-03T12:21:45.316Z", "user": 1, "content_type": 16, "object_id": "None", "object_repr": "ProfileShare: paul3_profile - paul_profile", "action_flag": 1, "change_message": "[{\"added\": {}}]"}}, {"model": "admin.logentry", "pk": 285, "fields": {"action_time": "2019-11-03T22:36:39.585Z", "user": 1, "content_type": 9, "object_id": "35", "object_repr": "paul3_profile", "action_flag": 2, "change_message": "[{\"changed\": {\"fields\": [\"email_confirmed\"]}}]"}}, {"model": "admin.logentry", "pk": 286, "fields": {"action_time": "2019-11-04T23:50:49.523Z", "user": 1, "content_type": 9, "object_id": "2", "object_repr": "paul2_profile", "action_flag": 2, "change_message": "[]"}}, {"model": "admin.logentry", "pk": 287, "fields": {"action_time": "2019-11-05T18:45:38.642Z", "user": 1, "content_type": 16, "object_id": "1", "object_repr": "ProfileShare: paul3_profile - paul5_profile", "action_flag": 1, "change_message": "[{\"added\": {}}]"}}, {"model": "admin.logentry", "pk": 288, "fields": {"action_time": "2019-11-05T19:10:28.338Z", "user": 1, "content_type": 16, "object_id": "3", "object_repr": "ProfileShare: paul3_profile - paul5_profile", "action_flag": 3, "change_message": ""}}, {"model": "admin.logentry", "pk": 289, "fields": {"action_time": "2019-11-05T19:10:28.378Z", "user": 1, "content_type": 16, "object_id": "2", "object_repr": "ProfileShare: paul3_profile - paul5_profile", "action_flag": 3, "change_message": ""}}, {"model": "admin.logentry", "pk": 290, "fields": {"action_time": "2019-11-05T19:10:28.380Z", "user": 1, "content_type": 16, "object_id": "1", "object_repr": "ProfileShare: paul3_profile - paul5_profile", "action_flag": 3, "change_message": ""}}, {"model": "admin.logentry", "pk": 291, "fields": {"action_time": "2019-11-05T19:11:04.797Z", "user": 1, "content_type": 9, "object_id": "140", "object_repr": "paul5_profile", "action_flag": 2, "change_message": "[{\"changed\": {\"fields\": [\"email_confirmed\"]}}]"}}, {"model": "admin.logentry", "pk": 292, "fields": {"action_time": "2019-11-05T19:11:09.435Z", "user": 1, "content_type": 9, "object_id": "141", "object_repr": "paul6_profile", "action_flag": 2, "change_message": "[{\"changed\": {\"fields\": [\"email_confirmed\"]}}]"}}, {"model": "admin.logentry", "pk": 293, "fields": {"action_time": "2019-11-05T19:11:12.946Z", "user": 1, "content_type": 9, "object_id": "142", "object_repr": "paul7_profile", "action_flag": 2, "change_message": "[{\"changed\": {\"fields\": [\"email_confirmed\"]}}]"}}, {"model": "admin.logentry", "pk": 294, "fields": {"action_time": "2019-11-05T19:15:26.237Z", "user": 1, "content_type": 16, "object_id": "5", "object_repr": "ProfileShare: paul6_profile - paul3_profile", "action_flag": 1, "change_message": "[{\"added\": {}}]"}}, {"model": "admin.logentry", "pk": 295, "fields": {"action_time": "2019-11-05T19:15:48.850Z", "user": 1, "content_type": 16, "object_id": "6", "object_repr": "ProfileShare: paul7_profile - paul3_profile", "action_flag": 1, "change_message": "[{\"added\": {}}]"}}, {"model": "admin.logentry", "pk": 296, "fields": {"action_time": "2019-11-05T19:15:59.743Z", "user": 1, "content_type": 16, "object_id": "None", "object_repr": "ProfileShare: demo_profile - paul5_profile", "action_flag": 1, "change_message": "[{\"added\": {}}]"}}, {"model": "admin.logentry", "pk": 297, "fields": {"action_time": "2019-11-05T19:56:11.192Z", "user": 1, "content_type": 9, "object_id": "78", "object_repr": "dev_profile", "action_flag": 2, "change_message": "[{\"changed\": {\"fields\": [\"email_confirmed\"]}}]"}}, {"model": "admin.logentry", "pk": 298, "fields": {"action_time": "2019-11-06T18:45:20.932Z", "user": 1, "content_type": 9, "object_id": "143", "object_repr": "paul342_profile", "action_flag": 2, "change_message": "[{\"changed\": {\"fields\": [\"email_confirmed\"]}}]"}}, {"model": "admin.logentry", "pk": 299, "fields": {"action_time": "2019-11-06T18:58:00.096Z", "user": 1, "content_type": 9, "object_id": "144", "object_repr": "paulabcd23433asd_profile", "action_flag": 2, "change_message": "[{\"changed\": {\"fields\": [\"email_confirmed\"]}}]"}}, {"model": "admin.logentry", "pk": 300, "fields": {"action_time": "2019-11-06T18:58:10.518Z", "user": 1, "content_type": 9, "object_id": "145", "object_repr": "paulalalalalalal_profile", "action_flag": 2, "change_message": "[{\"changed\": {\"fields\": [\"email_confirmed\"]}}]"}}, {"model": "admin.logentry", "pk": 301, "fields": {"action_time": "2019-11-06T21:35:58.686Z", "user": 1, "content_type": 9, "object_id": "35", "object_repr": "paul3_profile", "action_flag": 2, "change_message": "[]"}}, {"model": "admin.logentry", "pk": 302, "fields": {"action_time": "2019-11-07T00:02:25.867Z", "user": 1, "content_type": 16, "object_id": "9", "object_repr": "ProfileShare: paul3_profile - paul7_profile", "action_flag": 3, "change_message": ""}}, {"model": "admin.logentry", "pk": 303, "fields": {"action_time": "2019-11-07T18:52:26.932Z", "user": 1, "content_type": 16, "object_id": "24", "object_repr": "ProfileShare: paul3_profile - paul342_profile", "action_flag": 3, "change_message": ""}}, {"model": "admin.logentry", "pk": 304, "fields": {"action_time": "2019-11-07T18:52:26.988Z", "user": 1, "content_type": 16, "object_id": "23", "object_repr": "ProfileShare: paul3_profile - paul7_profile", "action_flag": 3, "change_message": ""}}, {"model": "admin.logentry", "pk": 305, "fields": {"action_time": "2019-11-07T18:52:26.990Z", "user": 1, "content_type": 16, "object_id": "7", "object_repr": "ProfileShare: paul3_profile - paul6_profile", "action_flag": 3, "change_message": ""}}, {"model": "admin.logentry", "pk": 306, "fields": {"action_time": "2019-11-07T19:57:22.000Z", "user": 1, "content_type": 16, "object_id": "6", "object_repr": "ProfileShare: paul7_profile - paul3_profile", "action_flag": 2, "change_message": "[{\"changed\": {\"fields\": [\"enabled\"]}}]"}}, {"model": "admin.logentry", "pk": 307, "fields": {"action_time": "2019-11-07T19:57:36.735Z", "user": 1, "content_type": 16, "object_id": "6", "object_repr": "ProfileShare: paul7_profile - paul3_profile", "action_flag": 2, "change_message": "[{\"changed\": {\"fields\": [\"enabled\"]}}]"}}, {"model": "admin.logentry", "pk": 308, "fields": {"action_time": "2019-11-08T22:13:39.858Z", "user": 1, "content_type": 16, "object_id": "5", "object_repr": "ProfileShare: paul6_profile - paul3_profile", "action_flag": 2, "change_message": "[{\"changed\": {\"fields\": [\"enabled\"]}}]"}}, {"model": "admin.logentry", "pk": 309, "fields": {"action_time": "2019-11-09T13:10:36.309Z", "user": 1, "content_type": 16, "object_id": "6", "object_repr": "ProfileShare: paul7_profile - paul3_profile", "action_flag": 2, "change_message": "[{\"changed\": {\"fields\": [\"enabled\"]}}]"}}, {"model": "admin.logentry", "pk": 310, "fields": {"action_time": "2019-11-10T13:07:27.819Z", "user": 1, "content_type": 9, "object_id": "146", "object_repr": "sam_profile", "action_flag": 2, "change_message": "[{\"changed\": {\"fields\": [\"email_confirmed\"]}}]"}}, {"model": "admin.logentry", "pk": 311, "fields": {"action_time": "2019-11-10T13:08:20.007Z", "user": 1, "content_type": 9, "object_id": "145", "object_repr": "paulalalalalalal_profile", "action_flag": 3, "change_message": ""}}, {"model": "admin.logentry", "pk": 312, "fields": {"action_time": "2019-11-10T13:08:20.075Z", "user": 1, "content_type": 9, "object_id": "144", "object_repr": "paulabcd23433asd_profile", "action_flag": 3, "change_message": ""}}, {"model": "admin.logentry", "pk": 313, "fields": {"action_time": "2019-11-10T13:16:26.239Z", "user": 1, "content_type": 16, "object_id": "36", "object_repr": "ProfileShare: paul3_profile - dev_profile", "action_flag": 3, "change_message": ""}}, {"model": "admin.logentry", "pk": 314, "fields": {"action_time": "2019-11-10T23:51:14.341Z", "user": 1, "content_type": 9, "object_id": "78", "object_repr": "dev_profile", "action_flag": 2, "change_message": "[{\"changed\": {\"fields\": [\"height\"]}}]"}}, {"model": "admin.logentry", "pk": 315, "fields": {"action_time": "2019-11-11T19:31:25.512Z", "user": 1, "content_type": 6, "object_id": "164", "object_repr": "", "action_flag": 3, "change_message": ""}}, {"model": "admin.logentry", "pk": 316, "fields": {"action_time": "2019-11-11T19:31:25.553Z", "user": 1, "content_type": 6, "object_id": "165", "object_repr": "fooface", "action_flag": 3, "change_message": ""}}, {"model": "admin.logentry", "pk": 317, "fields": {"action_time": "2019-11-16T17:56:13.442Z", "user": 1, "content_type": 6, "object_id": "37", "object_repr": "paul3", "action_flag": 2, "change_message": "[{\"changed\": {\"fields\": [\"email\"]}}]"}}, {"model": "admin.logentry", "pk": 318, "fields": {"action_time": "2019-11-16T18:00:32.638Z", "user": 1, "content_type": 9, "object_id": "152", "object_repr": "Samuel_profile", "action_flag": 2, "change_message": "[{\"changed\": {\"fields\": [\"email_confirmed\"]}}]"}}, {"model": "admin.logentry", "pk": 319, "fields": {"action_time": "2019-11-16T18:01:05.192Z", "user": 1, "content_type": 6, "object_id": "169", "object_repr": "Samuel", "action_flag": 2, "change_message": "[{\"changed\": {\"fields\": [\"email\"]}}]"}}, {"model": "admin.logentry", "pk": 320, "fields": {"action_time": "2019-11-16T18:03:47.109Z", "user": 1, "content_type": 9, "object_id": "7", "object_repr": "demo_profile", "action_flag": 2, "change_message": "[{\"changed\": {\"fields\": [\"email_confirmed\"]}}]"}}, {"model": "admin.logentry", "pk": 321, "fields": {"action_time": "2019-11-16T18:18:31.250Z", "user": 1, "content_type": 9, "object_id": "7", "object_repr": "demo_profile", "action_flag": 2, "change_message": "[{\"changed\": {\"fields\": [\"email_confirmed\"]}}]"}}, {"model": "admin.logentry", "pk": 322, "fields": {"action_time": "2019-11-16T19:53:30.922Z", "user": 1, "content_type": 6, "object_id": "171", "object_repr": "demo_1a66f2288e2b452b", "action_flag": 3, "change_message": ""}}, {"model": "admin.logentry", "pk": 323, "fields": {"action_time": "2019-11-16T19:53:30.949Z", "user": 1, "content_type": 6, "object_id": "170", "object_repr": "demo_4ebdc18e08c243c2", "action_flag": 3, "change_message": ""}}, {"model": "admin.logentry", "pk": 324, "fields": {"action_time": "2019-11-16T19:53:30.951Z", "user": 1, "content_type": 6, "object_id": "167", "object_repr": "demo_6c93154ffcb5437d", "action_flag": 3, "change_message": ""}}, {"model": "admin.logentry", "pk": 325, "fields": {"action_time": "2019-11-16T19:53:30.953Z", "user": 1, "content_type": 6, "object_id": "172", "object_repr": "demo_d5f089da02b54b15", "action_flag": 3, "change_message": ""}}, {"model": "admin.logentry", "pk": 326, "fields": {"action_time": "2019-11-16T19:53:30.955Z", "user": 1, "content_type": 6, "object_id": "168", "object_repr": "demo_dc14a9bf11784dd8", "action_flag": 3, "change_message": ""}}, {"model": "admin.logentry", "pk": 327, "fields": {"action_time": "2019-11-16T19:53:30.957Z", "user": 1, "content_type": 6, "object_id": "166", "object_repr": "demo_e904cc5efb9149f1", "action_flag": 3, "change_message": ""}}, {"model": "admin.logentry", "pk": 328, "fields": {"action_time": "2019-11-16T19:53:30.959Z", "user": 1, "content_type": 6, "object_id": "160", "object_repr": "paul342", "action_flag": 3, "change_message": ""}}, {"model": "admin.logentry", "pk": 329, "fields": {"action_time": "2019-11-16T19:53:30.961Z", "user": 1, "content_type": 6, "object_id": "161", "object_repr": "paulabcd23433asd", "action_flag": 3, "change_message": ""}}, {"model": "admin.logentry", "pk": 330, "fields": {"action_time": "2019-11-16T19:53:30.963Z", "user": 1, "content_type": 6, "object_id": "162", "object_repr": "paulalalalalalal", "action_flag": 3, "change_message": ""}}, {"model": "admin.logentry", "pk": 331, "fields": {"action_time": "2019-11-16T19:55:17.960Z", "user": 1, "content_type": 8, "object_id": "24", "object_repr": "Foobar", "action_flag": 3, "change_message": ""}}, {"model": "admin.logentry", "pk": 332, "fields": {"action_time": "2019-11-16T21:38:58.884Z", "user": 1, "content_type": 16, "object_id": "39", "object_repr": "ProfileShare: paul6_profile - paul3_profile", "action_flag": 2, "change_message": "[{\"changed\": {\"fields\": [\"message\"]}}]"}}, {"model": "admin.logentry", "pk": 333, "fields": {"action_time": "2019-11-19T23:26:57.170Z", "user": 1, "content_type": 6, "object_id": "181", "object_repr": "PaulD", "action_flag": 3, "change_message": ""}}, {"model": "admin.logentry", "pk": 334, "fields": {"action_time": "2019-11-19T23:27:14.294Z", "user": 1, "content_type": 6, "object_id": "37", "object_repr": "PaulD", "action_flag": 2, "change_message": "[{\"changed\": {\"fields\": [\"username\", \"email\"]}}]"}}, {"model": "admin.logentry", "pk": 335, "fields": {"action_time": "2019-11-19T23:28:06.284Z", "user": 1, "content_type": 9, "object_id": "7", "object_repr": "demo_profile", "action_flag": 2, "change_message": "[{\"changed\": {\"fields\": [\"email_confirmed\"]}}]"}}, {"model": "admin.logentry", "pk": 336, "fields": {"action_time": "2019-11-19T23:48:26.274Z", "user": 1, "content_type": 9, "object_id": "166", "object_repr": "Joseph_profile", "action_flag": 2, "change_message": "[{\"changed\": {\"fields\": [\"email_confirmed\"]}}]"}}, {"model": "admin.logentry", "pk": 337, "fields": {"action_time": "2019-11-20T23:52:16.042Z", "user": 1, "content_type": 10, "object_id": "480", "object_repr": "Joseph_profile - Blood cholesterol - unit option", "action_flag": 3, "change_message": ""}}, {"model": "admin.logentry", "pk": 338, "fields": {"action_time": "2019-11-20T23:56:07.680Z", "user": 1, "content_type": 10, "object_id": "481", "object_repr": "Joseph_profile - Blood cholesterol - unit option", "action_flag": 3, "change_message": ""}}, {"model": "admin.logentry", "pk": 339, "fields": {"action_time": "2019-11-21T00:02:41.109Z", "user": 1, "content_type": 10, "object_id": "482", "object_repr": "Joseph_profile - Blood cholesterol - unit option", "action_flag": 3, "change_message": ""}}, {"model": "admin.logentry", "pk": 340, "fields": {"action_time": "2019-11-21T08:34:03.328Z", "user": 1, "content_type": 9, "object_id": "167", "object_repr": "Darrell_profile", "action_flag": 2, "change_message": "[{\"changed\": {\"fields\": [\"email_confirmed\"]}}]"}}, {"model": "admin.logentry", "pk": 341, "fields": {"action_time": "2019-11-21T21:10:33.958Z", "user": 1, "content_type": 9, "object_id": "178", "object_repr": "James_profile", "action_flag": 2, "change_message": "[{\"changed\": {\"fields\": [\"email_confirmed\"]}}]"}}, {"model": "admin.logentry", "pk": 342, "fields": {"action_time": "2019-11-21T21:37:21.818Z", "user": 1, "content_type": 16, "object_id": "43", "object_repr": "ProfileShare: Samuel_profile - demo_profile", "action_flag": 2, "change_message": "[{\"changed\": {\"fields\": [\"enabled\"]}}]"}}, {"model": "admin.logentry", "pk": 343, "fields": {"action_time": "2019-11-21T21:38:30.135Z", "user": 1, "content_type": 16, "object_id": "48", "object_repr": "ProfileShare: Joseph_profile - demo_profile", "action_flag": 2, "change_message": "[{\"changed\": {\"fields\": [\"enabled\"]}}]"}}, {"model": "admin.logentry", "pk": 344, "fields": {"action_time": "2019-11-23T16:16:27.449Z", "user": 1, "content_type": 6, "object_id": "198", "object_repr": "abcdude", "action_flag": 3, "change_message": ""}}, {"model": "admin.logentry", "pk": 345, "fields": {"action_time": "2019-11-23T16:16:27.493Z", "user": 1, "content_type": 6, "object_id": "196", "object_repr": "demo_1c897796bf494305", "action_flag": 3, "change_message": ""}}, {"model": "admin.logentry", "pk": 346, "fields": {"action_time": "2019-11-23T16:16:27.496Z", "user": 1, "content_type": 6, "object_id": "197", "object_repr": "demo_2e8dfafe03314243", "action_flag": 3, "change_message": ""}}, {"model": "admin.logentry", "pk": 347, "fields": {"action_time": "2019-11-23T16:16:27.499Z", "user": 1, "content_type": 6, "object_id": "194", "object_repr": "demo_3897daa5f0034d43", "action_flag": 3, "change_message": ""}}, {"model": "admin.logentry", "pk": 348, "fields": {"action_time": "2019-11-23T16:16:27.500Z", "user": 1, "content_type": 6, "object_id": "189", "object_repr": "demo_5c6b4e3492d940a6", "action_flag": 3, "change_message": ""}}, {"model": "admin.logentry", "pk": 349, "fields": {"action_time": "2019-11-23T16:16:27.504Z", "user": 1, "content_type": 6, "object_id": "190", "object_repr": "demo_688a9567cc6f468c", "action_flag": 3, "change_message": ""}}, {"model": "admin.logentry", "pk": 350, "fields": {"action_time": "2019-11-23T16:16:27.507Z", "user": 1, "content_type": 6, "object_id": "191", "object_repr": "demo_8b2b04d049bb4dc2", "action_flag": 3, "change_message": ""}}, {"model": "admin.logentry", "pk": 351, "fields": {"action_time": "2019-11-23T16:16:27.509Z", "user": 1, "content_type": 6, "object_id": "192", "object_repr": "demo_c51f30e538c54648", "action_flag": 3, "change_message": ""}}, {"model": "admin.logentry", "pk": 352, "fields": {"action_time": "2019-11-23T16:16:27.512Z", "user": 1, "content_type": 6, "object_id": "193", "object_repr": "demo_ee9538f311cc4a12", "action_flag": 3, "change_message": ""}}, {"model": "admin.logentry", "pk": 353, "fields": {"action_time": "2019-11-23T16:16:27.513Z", "user": 1, "content_type": 6, "object_id": "200", "object_repr": "dev54df", "action_flag": 3, "change_message": ""}}, {"model": "admin.logentry", "pk": 354, "fields": {"action_time": "2019-11-23T16:16:27.516Z", "user": 1, "content_type": 6, "object_id": "199", "object_repr": "foobar", "action_flag": 3, "change_message": ""}}, {"model": "admin.logentry", "pk": 355, "fields": {"action_time": "2019-12-08T12:58:58.729Z", "user": 1, "content_type": 6, "object_id": "201", "object_repr": "abcdude", "action_flag": 3, "change_message": ""}}, {"model": "admin.logentry", "pk": 356, "fields": {"action_time": "2019-12-08T12:58:58.839Z", "user": 1, "content_type": 6, "object_id": "203", "object_repr": "demo_06bb92ce765049c4", "action_flag": 3, "change_message": ""}}, {"model": "admin.logentry", "pk": 357, "fields": {"action_time": "2019-12-08T12:58:58.839Z", "user": 1, "content_type": 6, "object_id": "210", "object_repr": "demo_5462c2cd93ce42c9", "action_flag": 3, "change_message": ""}}, {"model": "admin.logentry", "pk": 358, "fields": {"action_time": "2019-12-08T12:58:58.839Z", "user": 1, "content_type": 6, "object_id": "207", "object_repr": "demo_657e9d238e04450d", "action_flag": 3, "change_message": ""}}, {"model": "admin.logentry", "pk": 359, "fields": {"action_time": "2019-12-08T12:58:58.839Z", "user": 1, "content_type": 6, "object_id": "211", "object_repr": "demo_7103849a341a4b5e", "action_flag": 3, "change_message": ""}}, {"model": "admin.logentry", "pk": 360, "fields": {"action_time": "2019-12-08T12:58:58.839Z", "user": 1, "content_type": 6, "object_id": "209", "object_repr": "demo_7cd45e55a02c481f", "action_flag": 3, "change_message": ""}}, {"model": "admin.logentry", "pk": 361, "fields": {"action_time": "2019-12-08T12:58:58.839Z", "user": 1, "content_type": 6, "object_id": "206", "object_repr": "demo_9b76e9ff83b04a68", "action_flag": 3, "change_message": ""}}, {"model": "admin.logentry", "pk": 362, "fields": {"action_time": "2019-12-08T12:58:58.854Z", "user": 1, "content_type": 6, "object_id": "208", "object_repr": "demo_a042098604464e96", "action_flag": 3, "change_message": ""}}, {"model": "admin.logentry", "pk": 363, "fields": {"action_time": "2019-12-08T12:58:58.854Z", "user": 1, "content_type": 6, "object_id": "212", "object_repr": "demo_ba29f09e01f34882", "action_flag": 3, "change_message": ""}}, {"model": "admin.logentry", "pk": 364, "fields": {"action_time": "2019-12-08T12:58:58.854Z", "user": 1, "content_type": 6, "object_id": "205", "object_repr": "demo_c9224b6d2f8242c4", "action_flag": 3, "change_message": ""}}, {"model": "admin.logentry", "pk": 365, "fields": {"action_time": "2019-12-08T12:58:58.854Z", "user": 1, "content_type": 6, "object_id": "204", "object_repr": "demo_e338081636e44aff", "action_flag": 3, "change_message": ""}}, {"model": "admin.logentry", "pk": 366, "fields": {"action_time": "2019-12-08T12:58:58.854Z", "user": 1, "content_type": 6, "object_id": "2", "object_repr": "paul2", "action_flag": 3, "change_message": ""}}, {"model": "admin.logentry", "pk": 367, "fields": {"action_time": "2019-12-08T12:58:58.854Z", "user": 1, "content_type": 6, "object_id": "157", "object_repr": "paul5", "action_flag": 3, "change_message": ""}}, {"model": "admin.logentry", "pk": 368, "fields": {"action_time": "2019-12-08T12:58:58.854Z", "user": 1, "content_type": 6, "object_id": "158", "object_repr": "paul6", "action_flag": 3, "change_message": ""}}, {"model": "admin.logentry", "pk": 369, "fields": {"action_time": "2019-12-08T12:58:58.854Z", "user": 1, "content_type": 6, "object_id": "159", "object_repr": "paul7", "action_flag": 3, "change_message": ""}}, {"model": "admin.logentry", "pk": 370, "fields": {"action_time": "2019-12-08T12:58:58.854Z", "user": 1, "content_type": 6, "object_id": "202", "object_repr": "testreg", "action_flag": 3, "change_message": ""}}, {"model": "admin.logentry", "pk": 371, "fields": {"action_time": "2019-12-08T13:31:10.711Z", "user": 1, "content_type": 6, "object_id": "213", "object_repr": "demo_0e9856fa773846b7", "action_flag": 3, "change_message": ""}}, {"model": "admin.logentry", "pk": 372, "fields": {"action_time": "2019-12-08T13:34:31.524Z", "user": 1, "content_type": 8, "object_id": "19", "object_repr": "Test metric", "action_flag": 3, "change_message": ""}}, {"model": "admin.logentry", "pk": 373, "fields": {"action_time": "2019-12-08T13:34:31.556Z", "user": 1, "content_type": 8, "object_id": "18", "object_repr": "Adipon", "action_flag": 3, "change_message": ""}}, {"model": "admin.logentry", "pk": 374, "fields": {"action_time": "2019-12-08T13:34:31.556Z", "user": 1, "content_type": 8, "object_id": "17", "object_repr": "testname", "action_flag": 3, "change_message": ""}}, {"model": "admin.logentry", "pk": 375, "fields": {"action_time": "2019-12-08T13:34:31.571Z", "user": 1, "content_type": 8, "object_id": "16", "object_repr": "Adiponectin2", "action_flag": 3, "change_message": ""}}, {"model": "admin.logentry", "pk": 376, "fields": {"action_time": "2019-12-08T13:34:31.571Z", "user": 1, "content_type": 8, "object_id": "15", "object_repr": "Adiponectin", "action_flag": 3, "change_message": ""}}, {"model": "admin.logentry", "pk": 377, "fields": {"action_time": "2019-12-08T13:34:31.571Z", "user": 1, "content_type": 8, "object_id": "14", "object_repr": "C-reactive protein", "action_flag": 3, "change_message": ""}}, {"model": "admin.logentry", "pk": 378, "fields": {"action_time": "2019-12-08T13:36:12.224Z", "user": 1, "content_type": 8, "object_id": "27", "object_repr": "Test custom", "action_flag": 3, "change_message": ""}}]